trial_id,user_id,snapshot_date,trial_started_at,country,device_type,sessions_first_3d,active_days_first_3d,day1_share,listen_share_first_3d,total_minutes_first_3d,avg_session_minutes_first_3d,converted
1,27046,2026-09-24,2026-08-01,EU,iOS,6,2,0.667,0.333,81,13.50,0
2,27052,2026-09-24,2026-08-01,EU,Android,5,3,0.200,0.000,83,16.60,0
3,27053,2026-09-24,2026-08-01,Rest,Android,6,2,0.500,1.000,26,4.33,1
4,27054,2026-09-24,2026-08-01,US,iOS,0,0,0.000,0.000,0,0.00,0
5,27055,2026-09-24,2026-08-01,EU,iOS,20,2,0.900,0.250,158,7.90,0
6,27057,2026-09-24,2026-08-01,EU,Web,7,3,0.143,0.429,68,9.71,0
7,27061,2026-09-24,2026-08-01,US,Web,7,3,0.429,0.571,106,15.14,1
8,27062,2026-09-24,2026-08-01,Rest,Web,32,3,0.438,0.156,361,11.28,1
9,27063,2026-09-24,2026-08-01,US,Web,10,3,0.600,0.200,126,12.60,1
10,27064,2026-09-24,2026-08-01,India,Web,10,3,0.700,0.200,75,7.50,0
11,27065,2026-09-24,2026-08-01,US,Android,1,1,1.000,0.000,16,16.00,0
12,27066,2026-09-24,2026-08-01,EU,iOS,20,3,0.450,0.400,319,15.95,1
13,27067,2026-09-24,2026-08-01,US,iOS,10,3,0.500,0.500,52,5.20,1
14,27068,2026-09-24,2026-08-01,Rest,Web,0,0,0.000,0.000,0,0.00,0
15,27069,2026-09-24,2026-08-01,EU,iOS,3,2,0.333,0.333,45,15.00,0
16,27072,2026-09-24,2026-08-01,Rest,iOS,9,3,0.444,0.222,109,12.11,1
17,27074,2026-09-24,2026-08-01,US,iOS,11,3,0.182,0.364,167,15.18,1
18,27075,2026-09-24,2026-08-01,India,Web,12,2,0.833,0.083,121,10.08,0
19,27076,2026-09-24,2026-08-01,US,Web,11,2,0.909,0.364,92,8.36,0
20,27078,2026-09-24,2026-08-01,Rest,iOS,11,3,0.364,0.545,161,14.64,1
21,27079,2026-09-24,2026-08-01,EU,Web,4,1,1.000,0.250,47,11.75,0
22,27080,2026-09-24,2026-08-01,US,Android,6,2,0.000,0.667,71,11.83,1
23,27081,2026-09-24,2026-08-01,EU,Android,15,3,0.400,0.467,144,9.60,1
24,27082,2026-09-24,2026-08-01,Rest,iOS,13,3,0.154,0.231,145,11.15,1
25,27086,2026-09-24,2026-08-01,Rest,iOS,14,3,0.357,0.429,146,10.43,1
26,27087,2026-09-24,2026-08-01,India,iOS,16,3,0.375,0.375,125,7.81,0
27,27090,2026-09-24,2026-08-01,US,iOS,19,3,0.263,0.211,134,7.05,1
28,27093,2026-09-24,2026-08-01,Rest,Android,0,0,0.000,0.000,0,0.00,0
29,27094,2026-09-24,2026-08-01,Rest,Web,5,3,0.400,0.000,113,22.60,1
30,27097,2026-09-24,2026-08-01,US,Android,5,3,0.600,0.000,68,13.60,1
31,27098,2026-09-24,2026-08-01,India,iOS,9,3,0.333,0.222,75,8.33,1
32,27099,2026-09-24,2026-08-01,EU,Android,16,3,0.313,0.250,211,13.19,1
33,27101,2026-09-24,2026-08-01,US,Web,16,3,0.563,0.250,212,13.25,0
34,27102,2026-09-24,2026-08-01,Rest,iOS,0,0,0.000,0.000,0,0.00,0
35,27103,2026-09-24,2026-08-01,US,Web,22,3,0.273,0.273,257,11.68,1
36,27104,2026-09-24,2026-08-01,Rest,Web,9,1,1.000,0.333,123,13.67,1
37,27105,2026-09-24,2026-08-01,Rest,Android,3,3,0.333,0.000,21,7.00,0
38,27109,2026-09-24,2026-08-01,Rest,iOS,28,3,0.357,0.357,469,16.75,1
39,27110,2026-09-24,2026-08-01,US,Android,3,2,0.000,0.333,55,18.33,1
40,27111,2026-09-24,2026-08-01,US,iOS,22,3,0.409,0.591,177,8.05,1
41,27113,2026-09-24,2026-08-01,EU,Android,8,3,0.625,0.500,55,6.88,0
42,27114,2026-09-24,2026-08-01,EU,Android,16,3,0.375,0.688,187,11.69,1
43,27117,2026-09-24,2026-08-01,US,Android,6,2,0.500,0.000,41,6.83,1
44,27119,2026-09-24,2026-08-02,US,Web,11,3,0.273,0.364,120,10.91,0
45,27121,2026-09-24,2026-08-02,US,Web,12,3,0.250,0.167,136,11.33,1
46,27122,2026-09-24,2026-08-02,Rest,iOS,12,3,0.833,0.167,149,12.42,0
47,27125,2026-09-24,2026-08-02,India,Android,12,2,0.750,0.500,162,13.50,0
48,27126,2026-09-24,2026-08-02,India,Web,9,3,0.444,0.444,108,12.00,1
49,27127,2026-09-24,2026-08-02,US,Web,3,1,1.000,0.667,31,10.33,0
50,27130,2026-09-24,2026-08-02,India,Android,7,2,0.429,0.714,43,6.14,0
51,27133,2026-09-24,2026-08-02,Rest,iOS,1,1,1.000,1.000,2,2.00,0
52,27134,2026-09-24,2026-08-02,Rest,Android,10,3,0.100,0.400,50,5.00,1
53,27137,2026-09-24,2026-08-02,EU,iOS,10,3,0.500,0.500,109,10.90,1
54,27138,2026-09-24,2026-08-02,Rest,Web,12,3,0.167,0.417,95,7.92,1
55,27144,2026-09-24,2026-08-02,EU,Web,16,3,0.813,0.188,211,13.19,0
56,27145,2026-09-24,2026-08-02,Rest,Web,4,3,0.500,0.000,42,10.50,0
57,27147,2026-09-24,2026-08-02,US,Web,1,1,0.000,1.000,23,23.00,0
58,27148,2026-09-24,2026-08-02,India,Web,8,3,0.750,0.250,99,12.38,0
59,27149,2026-09-24,2026-08-02,US,Android,18,3,0.278,0.500,192,10.67,1
60,27151,2026-09-24,2026-08-02,Rest,Android,10,3,0.500,0.000,70,7.00,1
61,27152,2026-09-24,2026-08-02,India,iOS,9,3,0.333,0.222,80,8.89,1
62,27153,2026-09-24,2026-08-02,Rest,Web,9,3,0.111,0.444,116,12.89,1
63,27154,2026-09-24,2026-08-02,US,Android,13,3,0.308,0.231,127,9.77,1
64,27155,2026-09-24,2026-08-02,US,Android,4,3,0.250,0.750,16,4.00,0
65,27157,2026-09-24,2026-08-02,EU,iOS,7,3,0.286,0.000,83,11.86,1
66,27162,2026-09-24,2026-08-02,US,Web,5,3,0.200,0.400,50,10.00,1
67,27165,2026-09-24,2026-08-02,Rest,iOS,8,3,0.250,0.500,84,10.50,1
68,27166,2026-09-24,2026-08-02,EU,Android,19,3,0.211,0.421,184,9.68,1
69,27167,2026-09-24,2026-08-02,US,iOS,5,2,0.200,0.400,64,12.80,1
70,27168,2026-09-24,2026-08-02,India,iOS,17,3,0.471,0.353,154,9.06,1
71,27171,2026-09-24,2026-08-02,India,iOS,6,3,0.167,0.167,34,5.67,1
72,27174,2026-09-24,2026-08-02,EU,iOS,11,3,0.818,0.273,118,10.73,1
73,27175,2026-09-24,2026-08-02,US,Web,9,3,0.444,0.000,143,15.89,1
74,27176,2026-09-24,2026-08-02,EU,Android,6,3,0.167,0.167,69,11.50,0
75,27177,2026-09-24,2026-08-02,Rest,Android,0,0,0.000,0.000,0,0.00,0
76,27179,2026-09-24,2026-08-02,US,iOS,22,3,0.318,0.318,248,11.27,1
77,27180,2026-09-24,2026-08-02,India,iOS,8,3,0.250,0.500,76,9.50,1
78,27183,2026-09-24,2026-08-02,India,iOS,8,3,0.250,0.500,73,9.13,1
79,27186,2026-09-24,2026-08-02,US,iOS,0,0,0.000,0.000,0,0.00,0
80,27189,2026-09-24,2026-08-02,US,Web,13,3,0.385,0.077,144,11.08,1
81,27190,2026-09-24,2026-08-02,India,iOS,20,3,0.350,0.650,189,9.45,1
82,27192,2026-09-24,2026-08-02,Rest,Android,23,3,0.304,0.304,206,8.96,1
83,27193,2026-09-24,2026-08-02,EU,Web,4,2,0.750,0.500,21,5.25,0
84,27195,2026-09-24,2026-08-02,US,iOS,17,3,0.294,0.294,166,9.76,1
85,27197,2026-09-24,2026-08-02,India,Android,15,3,0.333,0.533,177,11.80,1
86,27199,2026-09-24,2026-08-02,EU,iOS,7,3,0.286,0.571,50,7.14,1
87,27204,2026-09-24,2026-08-02,US,iOS,1,1,0.000,1.000,25,25.00,0
88,27206,2026-09-24,2026-08-02,Rest,Web,6,1,1.000,0.000,40,6.67,0
89,27209,2026-09-24,2026-08-03,US,Web,1,1,1.000,0.000,2,2.00,0
90,27210,2026-09-24,2026-08-03,US,iOS,12,3,0.500,0.833,160,13.33,1
91,27211,2026-09-24,2026-08-03,India,Web,18,3,0.889,0.222,148,8.22,1
92,27212,2026-09-24,2026-08-03,India,Web,4,3,0.250,0.000,40,10.00,0
93,27213,2026-09-24,2026-08-03,US,iOS,4,2,0.750,0.750,37,9.25,0
94,27217,2026-09-24,2026-08-03,India,Web,5,3,0.200,0.200,34,6.80,1
95,27218,2026-09-24,2026-08-03,Rest,Android,19,3,0.684,0.368,188,9.89,0
96,27220,2026-09-24,2026-08-03,EU,Android,12,2,0.917,0.417,108,9.00,0
97,27221,2026-09-24,2026-08-03,EU,Web,13,2,0.923,0.154,128,9.85,1
98,27222,2026-09-24,2026-08-03,EU,iOS,6,2,0.833,0.333,57,9.50,1
99,27224,2026-09-24,2026-08-03,EU,iOS,0,0,0.000,0.000,0,0.00,0
100,27226,2026-09-24,2026-08-03,EU,Web,1,1,1.000,0.000,17,17.00,0
101,27227,2026-09-24,2026-08-03,India,Android,10,3,0.600,0.200,121,12.10,0
102,27229,2026-09-24,2026-08-03,US,Web,1,1,0.000,1.000,44,44.00,0
103,27231,2026-09-24,2026-08-03,Rest,iOS,3,2,0.667,1.000,22,7.33,0
104,27232,2026-09-24,2026-08-03,US,Android,10,3,0.300,0.700,74,7.40,1
105,27233,2026-09-24,2026-08-03,India,Android,20,3,0.350,0.300,263,13.15,1
106,27234,2026-09-24,2026-08-03,India,Android,10,1,1.000,0.200,147,14.70,0
107,27236,2026-09-24,2026-08-03,US,Web,11,3,0.273,0.182,170,15.45,1
108,27240,2026-09-24,2026-08-03,US,Web,14,3,0.286,0.143,178,12.71,1
109,27241,2026-09-24,2026-08-03,US,iOS,15,3,0.800,0.533,157,10.47,0
110,27242,2026-09-24,2026-08-03,US,Web,7,3,0.143,0.571,82,11.71,0
111,27243,2026-09-24,2026-08-03,US,iOS,16,3,0.563,0.688,141,8.81,1
112,27245,2026-09-24,2026-08-03,Rest,Web,18,3,0.111,0.167,196,10.89,0
113,27246,2026-09-24,2026-08-03,EU,iOS,7,3,0.714,0.571,50,7.14,0
114,27247,2026-09-24,2026-08-03,Rest,Android,5,3,0.400,0.200,62,12.40,1
115,27248,2026-09-24,2026-08-03,US,iOS,13,3,0.385,0.385,96,7.38,1
116,27251,2026-09-24,2026-08-03,US,Android,17,3,0.412,0.412,131,7.71,1
117,27255,2026-09-24,2026-08-03,India,Web,12,3,0.333,0.250,91,7.58,1
118,27257,2026-09-24,2026-08-03,US,iOS,0,0,0.000,0.000,0,0.00,0
119,27258,2026-09-24,2026-08-03,Rest,Web,3,3,0.333,0.000,28,9.33,0
120,27262,2026-09-24,2026-08-03,Rest,Web,0,0,0.000,0.000,0,0.00,0
121,27264,2026-09-24,2026-08-03,US,iOS,3,2,0.667,0.333,34,11.33,0
122,27265,2026-09-24,2026-08-03,US,Android,6,3,0.167,0.167,53,8.83,1
123,27266,2026-09-24,2026-08-03,Rest,Web,8,3,0.500,0.375,63,7.88,1
124,27274,2026-09-24,2026-08-03,EU,Web,24,3,0.458,0.167,224,9.33,1
125,27278,2026-09-24,2026-08-03,US,Android,10,3,0.200,0.600,72,7.20,1
126,27280,2026-09-24,2026-08-03,US,Android,26,3,0.423,0.500,345,13.27,1
127,27282,2026-09-24,2026-08-03,EU,Android,3,3,0.333,0.667,36,12.00,0
128,27283,2026-09-24,2026-08-03,India,Android,13,3,0.538,0.846,158,12.15,1
129,27284,2026-09-24,2026-08-03,EU,Web,12,3,0.667,0.167,130,10.83,1
130,27285,2026-09-24,2026-08-03,India,Web,3,1,1.000,1.000,35,11.67,0
131,27290,2026-09-24,2026-08-04,Rest,Web,15,3,0.333,0.333,172,11.47,1
132,27295,2026-09-24,2026-08-04,India,Android,14,2,0.857,0.357,95,6.79,0
133,27296,2026-09-24,2026-08-04,US,Android,12,3,0.583,0.500,107,8.92,1
134,27297,2026-09-24,2026-08-04,Rest,Web,7,3,0.286,0.857,146,20.86,0
135,27299,2026-09-24,2026-08-04,India,Android,19,2,0.842,0.579,180,9.47,0
136,27300,2026-09-24,2026-08-04,US,Web,3,1,1.000,0.667,38,12.67,0
137,27301,2026-09-24,2026-08-04,US,Web,8,3,0.125,0.000,74,9.25,1
138,27302,2026-09-24,2026-08-04,Rest,iOS,13,2,0.923,0.846,159,12.23,0
139,27303,2026-09-24,2026-08-04,US,Android,2,1,0.000,0.500,7,3.50,0
140,27306,2026-09-24,2026-08-04,Rest,iOS,10,3,0.400,0.500,77,7.70,1
141,27307,2026-09-24,2026-08-04,US,iOS,20,3,0.300,0.350,304,15.20,1
142,27308,2026-09-24,2026-08-04,India,Android,13,2,0.923,0.308,127,9.77,0
143,27309,2026-09-24,2026-08-04,US,iOS,8,3,0.625,0.625,71,8.88,1
144,27310,2026-09-24,2026-08-04,India,Android,3,2,0.000,0.333,28,9.33,0
145,27312,2026-09-24,2026-08-04,India,Web,4,3,0.500,0.500,45,11.25,0
146,27318,2026-09-24,2026-08-04,US,Web,2,1,1.000,0.000,18,9.00,0
147,27321,2026-09-24,2026-08-04,India,iOS,3,1,1.000,0.333,30,10.00,0
148,27324,2026-09-24,2026-08-04,EU,Android,18,3,0.222,0.167,141,7.83,0
149,27327,2026-09-24,2026-08-04,Rest,iOS,15,3,0.333,0.267,147,9.80,1
150,27328,2026-09-24,2026-08-04,US,Android,5,2,0.000,0.400,28,5.60,1
151,27331,2026-09-24,2026-08-04,US,Web,13,3,0.154,0.538,168,12.92,1
152,27332,2026-09-24,2026-08-04,EU,Web,7,2,0.000,0.286,59,8.43,0
153,27333,2026-09-24,2026-08-04,Rest,iOS,1,1,0.000,0.000,10,10.00,0
154,27334,2026-09-24,2026-08-04,EU,iOS,11,3,0.182,0.545,145,13.18,0
155,27339,2026-09-24,2026-08-04,Rest,Web,13,2,0.846,0.385,93,7.15,0
156,27343,2026-09-24,2026-08-04,EU,iOS,4,1,1.000,0.750,37,9.25,0
157,27346,2026-09-24,2026-08-04,US,Web,10,3,0.300,0.600,163,16.30,1
158,27347,2026-09-24,2026-08-04,India,Web,9,3,0.222,0.222,120,13.33,1
159,27351,2026-09-24,2026-08-04,India,iOS,9,3,0.333,0.444,89,9.89,1
160,27352,2026-09-24,2026-08-04,India,iOS,6,3,0.333,0.333,37,6.17,1
161,27355,2026-09-24,2026-08-04,US,Web,3,2,0.000,0.333,12,4.00,0
162,27359,2026-09-24,2026-08-04,US,Web,5,3,0.200,0.600,31,6.20,1
163,27361,2026-09-24,2026-08-04,US,Web,5,3,0.600,0.400,58,11.60,0
164,27362,2026-09-24,2026-08-04,EU,Web,16,3,0.688,0.250,155,9.69,1
165,27365,2026-09-24,2026-08-05,US,Android,9,2,0.778,0.444,74,8.22,0
166,27366,2026-09-24,2026-08-05,US,Web,8,1,1.000,0.250,64,8.00,0
167,27368,2026-09-24,2026-08-05,EU,iOS,0,0,0.000,0.000,0,0.00,0
168,27369,2026-09-24,2026-08-05,US,Web,12,2,0.917,0.083,115,9.58,1
169,27370,2026-09-24,2026-08-05,US,Web,20,2,0.800,0.350,184,9.20,0
170,27371,2026-09-24,2026-08-05,US,Android,24,3,0.458,0.792,223,9.29,1
171,27373,2026-09-24,2026-08-05,US,Web,12,3,0.833,0.417,168,14.00,0
172,27374,2026-09-24,2026-08-05,India,iOS,7,2,0.429,0.286,68,9.71,1
173,27378,2026-09-24,2026-08-05,India,Web,10,3,0.300,0.500,136,13.60,1
174,27379,2026-09-24,2026-08-05,EU,iOS,2,2,0.000,0.500,13,6.50,0
175,27380,2026-09-24,2026-08-05,Rest,iOS,11,3,0.455,0.364,135,12.27,1
176,27381,2026-09-24,2026-08-05,US,Web,7,2,0.857,0.143,98,14.00,0
177,27385,2026-09-24,2026-08-05,Rest,Android,6,2,0.000,0.167,41,6.83,0
178,27387,2026-09-24,2026-08-05,US,iOS,7,3,0.429,0.286,68,9.71,1
179,27388,2026-09-24,2026-08-05,EU,Android,4,3,0.250,0.250,31,7.75,0
180,27389,2026-09-24,2026-08-05,US,Android,6,3,0.500,0.167,46,7.67,0
181,27391,2026-09-24,2026-08-05,Rest,Android,11,3,0.636,0.727,153,13.91,0
182,27392,2026-09-24,2026-08-05,US,Android,9,3,0.222,0.444,95,10.56,1
183,27393,2026-09-24,2026-08-05,US,iOS,13,3,0.538,0.231,174,13.38,1
184,27396,2026-09-24,2026-08-05,US,iOS,10,3,0.300,0.800,121,12.10,1
185,27399,2026-09-24,2026-08-05,India,Android,4,1,0.000,0.500,57,14.25,0
186,27404,2026-09-24,2026-08-05,US,Android,24,3,0.292,0.833,233,9.71,1
187,27408,2026-09-24,2026-08-05,US,Web,14,3,0.286,0.357,131,9.36,1
188,27409,2026-09-24,2026-08-05,US,Android,3,1,0.000,0.333,36,12.00,0
189,27411,2026-09-24,2026-08-05,US,Android,15,3,0.333,0.400,139,9.27,1
190,27412,2026-09-24,2026-08-05,India,Android,9,3,0.111,1.000,138,15.33,1
191,27413,2026-09-24,2026-08-05,India,iOS,4,2,0.500,0.000,13,3.25,1
192,27414,2026-09-24,2026-08-05,US,Web,11,2,0.909,0.364,70,6.36,0
193,27415,2026-09-24,2026-08-05,US,Web,31,2,0.968,0.000,353,11.39,0
194,27416,2026-09-24,2026-08-05,India,Android,11,3,0.364,1.000,114,10.36,1
195,27417,2026-09-24,2026-08-05,EU,Web,12,3,0.500,0.083,126,10.50,1
196,27418,2026-09-24,2026-08-05,US,iOS,7,3,0.429,0.143,70,10.00,1
197,27423,2026-09-24,2026-08-05,US,Web,8,3,0.500,0.250,96,12.00,1
198,27424,2026-09-24,2026-08-05,India,iOS,10,3,0.400,0.300,163,16.30,1
199,27430,2026-09-24,2026-08-05,US,Android,6,3,0.333,0.333,52,8.67,0
200,27431,2026-09-24,2026-08-05,EU,Web,11,3,0.273,0.273,129,11.73,1
201,27432,2026-09-24,2026-08-05,India,Web,10,3,0.200,0.000,72,7.20,0
202,27434,2026-09-24,2026-08-05,EU,iOS,17,3,0.118,0.353,295,17.35,1
203,27435,2026-09-24,2026-08-05,India,Web,2,2,0.500,0.000,10,5.00,0
204,27436,2026-09-24,2026-08-05,EU,iOS,16,3,0.375,0.188,172,10.75,1
205,27437,2026-09-24,2026-08-05,Rest,Web,16,2,0.938,0.188,129,8.06,0
206,27438,2026-09-24,2026-08-05,EU,iOS,7,3,0.286,0.143,98,14.00,1
207,27439,2026-09-24,2026-08-05,EU,iOS,7,3,0.143,0.429,92,13.14,1
208,27446,2026-09-24,2026-08-05,US,iOS,4,3,0.250,0.750,34,8.50,1
209,27447,2026-09-24,2026-08-05,Rest,Web,6,3,0.333,0.500,98,16.33,0
210,27449,2026-09-24,2026-08-06,US,iOS,10,3,0.100,0.200,117,11.70,1
211,27450,2026-09-24,2026-08-06,EU,iOS,12,3,0.333,0.250,97,8.08,1
212,27458,2026-09-24,2026-08-06,EU,Android,6,3,0.500,0.333,29,4.83,0
213,27459,2026-09-24,2026-08-06,EU,Android,2,1,0.000,0.500,29,14.50,0
214,27460,2026-09-24,2026-08-06,US,iOS,9,2,0.000,0.444,160,17.78,1
215,27461,2026-09-24,2026-08-06,Rest,Android,7,3,0.429,0.714,78,11.14,1
216,27463,2026-09-24,2026-08-06,US,Android,36,3,0.889,0.806,449,12.47,1
217,27464,2026-09-24,2026-08-06,Rest,Android,5,1,1.000,0.200,76,15.20,0
218,27465,2026-09-24,2026-08-06,US,Web,17,3,0.353,0.294,147,8.65,1
219,27466,2026-09-24,2026-08-06,EU,iOS,6,3,0.333,0.667,141,23.50,1
220,27469,2026-09-24,2026-08-06,India,Android,18,2,0.944,0.778,176,9.78,0
221,27473,2026-09-24,2026-08-06,India,iOS,8,2,0.875,0.875,51,6.38,1
222,27474,2026-09-24,2026-08-06,Rest,Android,8,3,0.375,0.250,120,15.00,0
223,27475,2026-09-24,2026-08-06,US,Android,14,2,0.857,0.214,179,12.79,1
224,27476,2026-09-24,2026-08-06,India,Web,8,3,0.250,0.250,86,10.75,0
225,27478,2026-09-24,2026-08-06,India,Android,4,2,0.000,0.500,61,15.25,0
226,27479,2026-09-24,2026-08-06,India,iOS,21,3,0.381,0.524,267,12.71,1
227,27480,2026-09-24,2026-08-06,EU,iOS,5,2,0.400,0.600,50,10.00,0
228,27482,2026-09-24,2026-08-06,US,Android,7,3,0.286,0.429,46,6.57,1
229,27483,2026-09-24,2026-08-06,EU,Android,21,3,0.429,0.333,170,8.10,1
230,27484,2026-09-24,2026-08-06,EU,Web,2,2,0.500,0.000,9,4.50,0
231,27485,2026-09-24,2026-08-06,US,Web,9,3,0.333,0.333,73,8.11,0
232,27487,2026-09-24,2026-08-06,India,Android,9,3,0.556,0.111,128,14.22,1
233,27488,2026-09-24,2026-08-06,US,iOS,5,3,0.400,0.600,34,6.80,1
234,27490,2026-09-24,2026-08-06,EU,Android,18,3,0.222,0.167,217,12.06,1
235,27492,2026-09-24,2026-08-06,US,Android,3,1,0.000,0.000,43,14.33,1
236,27493,2026-09-24,2026-08-06,Rest,Web,8,3,0.250,0.500,79,9.88,0
237,27494,2026-09-24,2026-08-06,US,iOS,22,3,0.909,0.500,236,10.73,1
238,27501,2026-09-24,2026-08-06,Rest,Android,15,3,0.333,0.133,107,7.13,1
239,27503,2026-09-24,2026-08-06,India,Android,13,3,0.385,0.154,127,9.77,1
240,27506,2026-09-24,2026-08-06,Rest,Android,14,2,0.857,0.714,140,10.00,1
241,27507,2026-09-24,2026-08-06,EU,Android,25,3,0.480,0.320,215,8.60,1
242,27508,2026-09-24,2026-08-06,US,iOS,10,3,0.200,0.300,128,12.80,1
243,27509,2026-09-24,2026-08-06,US,Web,7,3,0.429,0.000,73,10.43,0
244,27512,2026-09-24,2026-08-06,EU,Web,2,1,0.000,0.000,31,15.50,0
245,27516,2026-09-24,2026-08-06,US,Android,6,2,0.833,0.333,67,11.17,0
246,27520,2026-09-24,2026-08-06,EU,Android,5,2,0.000,0.400,49,9.80,0
247,27521,2026-09-24,2026-08-06,India,Web,1,1,0.000,0.000,28,28.00,0
248,27522,2026-09-24,2026-08-06,EU,Web,14,2,0.857,0.571,160,11.43,0
249,27523,2026-09-24,2026-08-06,US,iOS,5,3,0.400,0.600,38,7.60,1
250,27524,2026-09-24,2026-08-06,India,iOS,11,3,0.182,0.818,103,9.36,1
251,27525,2026-09-24,2026-08-06,EU,Android,5,3,0.600,0.400,53,10.60,0
252,27526,2026-09-24,2026-08-06,India,Android,4,2,0.750,0.250,14,3.50,0
253,27532,2026-09-24,2026-08-07,Rest,iOS,9,3,0.444,0.333,109,12.11,1
254,27533,2026-09-24,2026-08-07,US,iOS,10,1,1.000,0.200,113,11.30,0
255,27535,2026-09-24,2026-08-07,US,Web,12,3,0.167,0.333,83,6.92,1
256,27536,2026-09-24,2026-08-07,US,iOS,2,2,0.500,0.000,18,9.00,1
257,27538,2026-09-24,2026-08-07,US,Android,9,1,1.000,0.000,126,14.00,1
258,27540,2026-09-24,2026-08-07,US,Web,2,1,0.000,0.500,8,4.00,1
259,27542,2026-09-24,2026-08-07,US,Web,19,3,0.263,0.158,308,16.21,1
260,27545,2026-09-24,2026-08-07,US,Android,3,1,1.000,0.667,25,8.33,0
261,27546,2026-09-24,2026-08-07,Rest,Android,3,3,0.333,0.000,33,11.00,1
262,27548,2026-09-24,2026-08-07,US,Web,14,3,0.143,0.286,156,11.14,1
263,27550,2026-09-24,2026-08-07,India,Web,7,3,0.286,0.429,34,4.86,1
264,27553,2026-09-24,2026-08-07,US,Android,8,2,0.875,0.500,94,11.75,0
265,27555,2026-09-24,2026-08-07,US,Android,6,3,0.500,0.000,73,12.17,1
266,27556,2026-09-24,2026-08-07,India,Web,7,3,0.143,0.143,66,9.43,0
267,27558,2026-09-24,2026-08-07,India,iOS,9,2,0.889,0.556,141,15.67,0
268,27560,2026-09-24,2026-08-07,EU,Android,6,3,0.500,0.500,38,6.33,1
269,27561,2026-09-24,2026-08-07,US,Web,21,3,0.143,0.095,187,8.90,1
270,27564,2026-09-24,2026-08-07,Rest,Android,19,3,0.421,0.316,183,9.63,0
271,27565,2026-09-24,2026-08-07,EU,iOS,5,2,0.000,0.600,21,4.20,0
272,27566,2026-09-24,2026-08-07,India,Android,4,2,0.250,0.500,51,12.75,0
273,27567,2026-09-24,2026-08-07,US,Android,6,2,0.667,0.833,60,10.00,0
274,27571,2026-09-24,2026-08-07,US,iOS,6,3,0.167,0.500,62,10.33,0
275,27576,2026-09-24,2026-08-07,Rest,iOS,2,2,0.500,0.500,32,16.00,0
276,27581,2026-09-24,2026-08-07,US,iOS,9,2,0.889,0.222,45,5.00,0
277,27582,2026-09-24,2026-08-07,US,Android,8,2,0.875,0.375,70,8.75,1
278,27583,2026-09-24,2026-08-07,US,Web,5,3,0.600,0.200,55,11.00,0
279,27584,2026-09-24,2026-08-07,India,Android,8,2,0.625,0.250,137,17.13,0
280,27585,2026-09-24,2026-08-07,India,iOS,2,1,0.000,0.000,36,18.00,0
281,27589,2026-09-24,2026-08-07,EU,Android,13,2,0.923,0.692,219,16.85,0
282,27591,2026-09-24,2026-08-07,US,Web,14,3,0.500,0.643,117,8.36,1
283,27593,2026-09-24,2026-08-07,EU,Android,3,2,0.667,0.333,14,4.67,0
284,27594,2026-09-24,2026-08-07,EU,Android,17,3,0.294,0.412,192,11.29,1
285,27597,2026-09-24,2026-08-07,US,iOS,6,2,0.333,0.000,44,7.33,1
286,27599,2026-09-24,2026-08-07,India,iOS,26,3,0.462,0.500,339,13.04,1
287,27600,2026-09-24,2026-08-07,EU,Android,8,3,0.250,0.250,55,6.88,1
288,27603,2026-09-24,2026-08-07,US,Web,3,2,0.667,0.333,38,12.67,0
289,27605,2026-09-24,2026-08-08,US,Android,8,3,0.750,0.750,101,12.63,0
290,27609,2026-09-24,2026-08-08,EU,Android,13,3,0.385,0.462,139,10.69,1
291,27610,2026-09-24,2026-08-08,US,iOS,35,3,0.257,0.743,435,12.43,1
292,27611,2026-09-24,2026-08-08,EU,Web,12,3,0.250,0.417,93,7.75,1
293,27615,2026-09-24,2026-08-08,Rest,Web,9,3,0.111,0.222,45,5.00,1
294,27616,2026-09-24,2026-08-08,Rest,iOS,5,2,0.400,0.200,27,5.40,0
295,27617,2026-09-24,2026-08-08,Rest,Android,14,2,0.214,0.643,181,12.93,1
296,27619,2026-09-24,2026-08-08,EU,Android,6,1,1.000,0.333,15,2.50,0
297,27622,2026-09-24,2026-08-08,US,Android,7,3,0.286,0.857,50,7.14,1
298,27623,2026-09-24,2026-08-08,US,Android,11,3,0.727,0.636,123,11.18,0
299,27626,2026-09-24,2026-08-08,India,Web,8,3,0.500,0.125,113,14.13,1
300,27627,2026-09-24,2026-08-08,US,Web,6,3,0.333,0.333,32,5.33,1
301,27628,2026-09-24,2026-08-08,EU,iOS,2,2,0.000,0.000,19,9.50,0
302,27632,2026-09-24,2026-08-08,India,Android,8,3,0.250,0.000,64,8.00,1
303,27635,2026-09-24,2026-08-08,EU,iOS,7,3,0.429,0.571,50,7.14,1
304,27637,2026-09-24,2026-08-08,India,Android,9,3,0.111,0.222,127,14.11,1
305,27638,2026-09-24,2026-08-08,US,Android,15,3,0.133,0.733,175,11.67,1
306,27639,2026-09-24,2026-08-08,US,iOS,3,3,0.333,0.000,19,6.33,0
307,27640,2026-09-24,2026-08-08,India,Web,10,3,0.600,0.600,104,10.40,1
308,27641,2026-09-24,2026-08-08,US,iOS,6,2,0.833,0.500,44,7.33,0
309,27643,2026-09-24,2026-08-08,Rest,iOS,25,3,0.360,0.280,251,10.04,1
310,27645,2026-09-24,2026-08-08,India,Android,11,2,0.909,0.091,94,8.55,0
311,27646,2026-09-24,2026-08-08,US,Web,10,3,0.300,0.400,92,9.20,1
312,27647,2026-09-24,2026-08-08,US,Web,17,3,0.706,0.588,264,15.53,0
313,27651,2026-09-24,2026-08-08,US,Android,8,3,0.125,0.500,133,16.63,1
314,27652,2026-09-24,2026-08-08,Rest,Android,7,3,0.429,0.286,181,25.86,1
315,27654,2026-09-24,2026-08-08,US,Android,12,3,0.167,0.417,168,14.00,1
316,27657,2026-09-24,2026-08-08,Rest,Android,32,3,0.875,0.406,394,12.31,0
317,27658,2026-09-24,2026-08-08,US,Android,12,2,0.917,0.417,153,12.75,1
318,27660,2026-09-24,2026-08-08,US,Android,2,1,0.000,0.000,9,4.50,0
319,27661,2026-09-24,2026-08-08,US,Web,19,3,0.316,0.368,217,11.42,1
320,27664,2026-09-24,2026-08-08,EU,Android,6,3,0.500,0.000,36,6.00,1
321,27665,2026-09-24,2026-08-08,Rest,Android,15,3,0.467,0.400,145,9.67,1
322,27668,2026-09-24,2026-08-08,EU,Android,21,3,0.476,0.524,223,10.62,1
323,27670,2026-09-24,2026-08-08,India,Web,6,3,0.333,0.333,74,12.33,0
324,27672,2026-09-24,2026-08-09,India,Web,1,1,1.000,1.000,4,4.00,0
325,27673,2026-09-24,2026-08-09,Rest,Android,2,1,1.000,1.000,34,17.00,0
326,27674,2026-09-24,2026-08-09,India,iOS,7,3,0.429,0.429,41,5.86,1
327,27675,2026-09-24,2026-08-09,US,Web,4,2,0.750,0.500,27,6.75,0
328,27676,2026-09-24,2026-08-09,EU,Android,13,3,0.462,0.154,79,6.08,1
329,27677,2026-09-24,2026-08-09,India,iOS,7,3,0.571,0.143,14,2.00,1
330,27678,2026-09-24,2026-08-09,EU,Android,11,2,0.909,0.818,147,13.36,0
331,27679,2026-09-24,2026-08-09,India,iOS,5,2,0.200,0.000,56,11.20,0
332,27680,2026-09-24,2026-08-09,Rest,iOS,3,2,0.333,1.000,37,12.33,0
333,27684,2026-09-24,2026-08-09,EU,iOS,42,3,0.881,0.595,447,10.64,0
334,27685,2026-09-24,2026-08-09,US,iOS,11,3,0.273,0.182,90,8.18,1
335,27686,2026-09-24,2026-08-09,US,Web,6,3,0.167,0.667,48,8.00,1
336,27688,2026-09-24,2026-08-09,Rest,Android,14,3,0.071,0.571,121,8.64,0
337,27690,2026-09-24,2026-08-09,US,Android,9,3,0.444,0.667,84,9.33,1
338,27691,2026-09-24,2026-08-09,US,Web,8,3,0.625,0.750,111,13.88,1
339,27694,2026-09-24,2026-08-09,India,Web,8,1,1.000,0.625,153,19.13,0
340,27695,2026-09-24,2026-08-09,US,iOS,17,3,0.235,0.059,181,10.65,1
341,27696,2026-09-24,2026-08-09,India,Web,5,3,0.400,0.600,129,25.80,1
342,27698,2026-09-24,2026-08-09,India,iOS,13,3,0.385,0.385,171,13.15,1
343,27702,2026-09-24,2026-08-09,India,Android,10,3,0.400,0.500,114,11.40,1
344,27705,2026-09-24,2026-08-09,Rest,Android,7,3,0.429,0.714,68,9.71,1
345,27706,2026-09-24,2026-08-09,US,Web,7,3,0.143,0.571,92,13.14,0
346,27707,2026-09-24,2026-08-09,US,iOS,9,1,1.000,0.333,110,12.22,0
347,27710,2026-09-24,2026-08-09,US,iOS,7,3,0.429,0.286,65,9.29,1
348,27711,2026-09-24,2026-08-09,Rest,Web,36,3,0.889,0.167,331,9.19,0
349,27713,2026-09-24,2026-08-09,Rest,Android,3,1,0.000,0.333,17,5.67,0
350,27715,2026-09-24,2026-08-09,US,Android,9,3,0.333,0.333,134,14.89,1
351,27717,2026-09-24,2026-08-09,Rest,iOS,4,3,0.250,0.000,75,18.75,0
352,27718,2026-09-24,2026-08-09,EU,Android,18,3,0.556,0.444,169,9.39,1
353,27719,2026-09-24,2026-08-09,US,iOS,5,2,0.000,0.800,27,5.40,1
354,27721,2026-09-24,2026-08-09,Rest,Android,18,3,0.833,0.278,179,9.94,1
355,27728,2026-09-24,2026-08-09,EU,Web,2,1,0.000,0.500,8,4.00,0
356,27730,2026-09-24,2026-08-09,Rest,Web,1,1,1.000,1.000,16,16.00,1
357,27731,2026-09-24,2026-08-09,Rest,Web,5,3,0.200,0.400,76,15.20,1
358,27732,2026-09-24,2026-08-09,Rest,Web,27,3,0.444,0.333,211,7.81,1
359,27733,2026-09-24,2026-08-09,US,Web,2,2,0.000,0.500,10,5.00,0
360,27735,2026-09-24,2026-08-09,India,iOS,20,2,0.850,0.550,176,8.80,0
361,27736,2026-09-24,2026-08-09,India,Android,7,3,0.286,0.429,40,5.71,0
362,27738,2026-09-24,2026-08-09,US,Android,2,2,0.500,0.500,16,8.00,1
363,27739,2026-09-24,2026-08-10,US,iOS,1,1,1.000,1.000,4,4.00,0
364,27740,2026-09-24,2026-08-10,US,Web,26,3,0.423,0.462,283,10.88,1
365,27742,2026-09-24,2026-08-10,Rest,Android,9,2,0.000,0.556,102,11.33,1
366,27743,2026-09-24,2026-08-10,India,Web,7,3,0.571,0.714,107,15.29,1
367,27745,2026-09-24,2026-08-10,EU,Android,11,3,0.364,0.727,94,8.55,1
368,27754,2026-09-24,2026-08-10,US,iOS,8,3,0.250,0.875,85,10.63,1
369,27755,2026-09-24,2026-08-10,US,Web,13,2,0.923,0.231,107,8.23,0
370,27756,2026-09-24,2026-08-10,Rest,Web,12,3,0.417,0.250,63,5.25,0
371,27757,2026-09-24,2026-08-10,US,iOS,16,3,0.500,0.250,138,8.63,1
372,27759,2026-09-24,2026-08-10,EU,Android,13,2,0.923,0.308,169,13.00,1
373,27763,2026-09-24,2026-08-10,India,Web,15,3,0.400,0.667,130,8.67,1
374,27764,2026-09-24,2026-08-10,US,Web,16,2,0.875,0.375,195,12.19,0
375,27767,2026-09-24,2026-08-10,EU,Android,0,0,0.000,0.000,0,0.00,1
376,27768,2026-09-24,2026-08-10,US,Android,9,3,0.111,0.444,63,7.00,1
377,27769,2026-09-24,2026-08-10,US,Android,0,0,0.000,0.000,0,0.00,0
378,27770,2026-09-24,2026-08-10,EU,iOS,9,3,0.667,0.333,63,7.00,1
379,27772,2026-09-24,2026-08-10,India,Web,10,3,0.400,0.500,176,17.60,1
380,27773,2026-09-24,2026-08-10,India,iOS,4,2,0.000,0.500,26,6.50,1
381,27775,2026-09-24,2026-08-10,EU,Web,16,3,0.438,0.063,174,10.88,1
382,27777,2026-09-24,2026-08-10,EU,Android,2,2,0.000,0.500,16,8.00,0
383,27782,2026-09-24,2026-08-10,US,Web,12,3,0.417,0.167,178,14.83,1
384,27783,2026-09-24,2026-08-10,US,Android,10,3,0.400,0.700,110,11.00,1
385,27785,2026-09-24,2026-08-10,EU,Android,11,3,0.273,0.545,88,8.00,1
386,27786,2026-09-24,2026-08-10,EU,Android,11,3,0.455,0.182,143,13.00,1
387,27789,2026-09-24,2026-08-10,India,Web,2,2,0.500,0.500,13,6.50,0
388,27790,2026-09-24,2026-08-10,US,Android,4,3,0.250,0.500,73,18.25,0
389,27791,2026-09-24,2026-08-10,US,iOS,1,1,0.000,0.000,12,12.00,0
390,27793,2026-09-24,2026-08-10,US,iOS,7,2,0.714,0.571,51,7.29,0
391,27796,2026-09-24,2026-08-10,US,iOS,3,3,0.333,0.000,15,5.00,0
392,27797,2026-09-24,2026-08-10,US,Web,6,3,0.333,0.333,67,11.17,0
393,27798,2026-09-24,2026-08-10,US,iOS,3,2,0.667,0.667,8,2.67,0
394,27801,2026-09-24,2026-08-10,US,Web,6,3,0.167,0.167,49,8.17,0
395,27804,2026-09-24,2026-08-10,Rest,iOS,7,3,0.286,0.571,57,8.14,1
396,27809,2026-09-24,2026-08-10,Rest,Web,15,3,0.200,0.133,152,10.13,0
397,27815,2026-09-24,2026-08-10,Rest,Web,2,2,0.000,0.500,22,11.00,0
398,27816,2026-09-24,2026-08-10,EU,Web,17,3,0.882,0.647,213,12.53,1
399,27817,2026-09-24,2026-08-10,US,Android,24,3,0.917,0.333,320,13.33,0
400,27819,2026-09-24,2026-08-10,US,Android,6,2,0.667,0.500,43,7.17,1
401,27820,2026-09-24,2026-08-10,US,Web,5,3,0.400,0.800,29,5.80,0
402,27821,2026-09-24,2026-08-10,US,iOS,21,3,0.190,0.286,268,12.76,1
403,27822,2026-09-24,2026-08-11,India,Web,26,3,0.269,0.077,217,8.35,1
404,27825,2026-09-24,2026-08-11,India,iOS,15,3,0.800,0.867,105,7.00,0
405,27829,2026-09-24,2026-08-11,US,iOS,4,3,0.500,0.000,13,3.25,0
406,27830,2026-09-24,2026-08-11,US,iOS,6,1,1.000,0.333,78,13.00,0
407,27831,2026-09-24,2026-08-11,India,iOS,1,1,0.000,0.000,34,34.00,0
408,27833,2026-09-24,2026-08-11,India,Android,11,3,0.455,0.455,81,7.36,1
409,27834,2026-09-24,2026-08-11,India,iOS,18,2,0.944,0.389,275,15.28,0
410,27835,2026-09-24,2026-08-11,India,Android,20,3,0.400,0.500,154,7.70,1
411,27836,2026-09-24,2026-08-11,US,Web,1,1,0.000,0.000,4,4.00,0
412,27837,2026-09-24,2026-08-11,EU,Android,11,3,0.818,0.818,113,10.27,1
413,27838,2026-09-24,2026-08-11,Rest,Android,5,3,0.400,0.400,44,8.80,0
414,27839,2026-09-24,2026-08-11,Rest,Android,5,3,0.400,0.400,55,11.00,1
415,27840,2026-09-24,2026-08-11,India,Android,3,2,0.333,0.000,13,4.33,0
416,27841,2026-09-24,2026-08-11,EU,iOS,1,1,0.000,0.000,6,6.00,0
417,27845,2026-09-24,2026-08-11,Rest,Web,12,3,0.250,0.083,154,12.83,1
418,27846,2026-09-24,2026-08-11,Rest,Web,8,3,0.750,0.125,108,13.50,1
419,27849,2026-09-24,2026-08-11,US,Android,3,3,0.333,0.333,8,2.67,0
420,27850,2026-09-24,2026-08-11,India,Web,16,3,0.438,0.000,248,15.50,0
421,27854,2026-09-24,2026-08-11,US,Web,0,0,0.000,0.000,0,0.00,0
422,27855,2026-09-24,2026-08-11,US,Web,2,1,1.000,0.500,14,7.00,0
423,27858,2026-09-24,2026-08-11,US,Web,20,3,0.100,0.350,113,5.65,1
424,27859,2026-09-24,2026-08-11,India,Web,9,3,0.444,0.556,110,12.22,1
425,27862,2026-09-24,2026-08-11,US,Android,10,3,0.800,0.500,103,10.30,0
426,27865,2026-09-24,2026-08-11,US,Web,5,2,0.000,0.400,51,10.20,0
427,27866,2026-09-24,2026-08-11,Rest,Android,18,3,0.333,0.389,172,9.56,1
428,27868,2026-09-24,2026-08-11,EU,Web,11,3,0.727,0.545,123,11.18,1
429,27871,2026-09-24,2026-08-11,US,Web,7,3,0.714,0.143,51,7.29,0
430,27873,2026-09-24,2026-08-11,Rest,iOS,4,1,1.000,0.250,38,9.50,1
431,27876,2026-09-24,2026-08-11,EU,iOS,19,3,0.263,0.421,210,11.05,1
432,27878,2026-09-24,2026-08-11,India,Android,9,3,0.333,0.000,98,10.89,0
433,27885,2026-09-24,2026-08-11,EU,Web,13,3,0.462,0.231,164,12.62,1
434,27887,2026-09-24,2026-08-11,US,iOS,15,3,0.400,0.733,117,7.80,1
435,27888,2026-09-24,2026-08-11,US,Web,13,3,0.231,0.077,102,7.85,1
436,27889,2026-09-24,2026-08-11,EU,Android,13,3,0.154,0.462,135,10.38,1
437,27891,2026-09-24,2026-08-11,US,Web,16,3,0.750,0.063,200,12.50,1
438,27892,2026-09-24,2026-08-11,Rest,iOS,5,2,0.800,0.000,44,8.80,0
439,27893,2026-09-24,2026-08-11,India,Android,8,3,0.125,0.625,127,15.88,0
440,27895,2026-09-24,2026-08-11,India,Web,28,3,0.286,0.214,323,11.54,0
441,27896,2026-09-24,2026-08-11,Rest,iOS,10,3,0.500,0.400,95,9.50,1
442,27898,2026-09-24,2026-08-11,US,Web,5,3,0.200,0.400,43,8.60,0
443,27899,2026-09-24,2026-08-11,US,iOS,4,3,0.500,0.250,26,6.50,0
444,27900,2026-09-24,2026-08-12,India,iOS,9,2,0.556,0.333,77,8.56,1
445,27903,2026-09-24,2026-08-12,US,Web,15,3,0.467,0.133,156,10.40,1
446,27904,2026-09-24,2026-08-12,India,Web,7,2,0.714,0.857,21,3.00,0
447,27905,2026-09-24,2026-08-12,India,iOS,5,3,0.200,0.400,82,16.40,1
448,27906,2026-09-24,2026-08-12,EU,Web,15,3,0.400,0.333,184,12.27,1
449,27908,2026-09-24,2026-08-12,EU,Web,5,1,1.000,0.200,21,4.20,1
450,27911,2026-09-24,2026-08-12,India,Android,2,1,1.000,0.500,10,5.00,0
451,27915,2026-09-24,2026-08-12,Rest,iOS,2,2,0.500,0.500,17,8.50,0
452,27916,2026-09-24,2026-08-12,US,Web,6,3,0.333,0.333,63,10.50,1
453,27919,2026-09-24,2026-08-12,Rest,Android,7,3,0.286,0.143,83,11.86,0
454,27922,2026-09-24,2026-08-12,US,Android,20,3,0.250,0.350,221,11.05,1
455,27924,2026-09-24,2026-08-12,US,iOS,4,3,0.500,0.750,46,11.50,0
456,27926,2026-09-24,2026-08-12,US,iOS,3,2,0.000,1.000,34,11.33,0
457,27927,2026-09-24,2026-08-12,Rest,Web,3,2,0.667,0.000,53,17.67,0
458,27928,2026-09-24,2026-08-12,India,Web,4,2,0.750,0.500,60,15.00,0
459,27933,2026-09-24,2026-08-12,India,Web,18,3,0.167,0.167,162,9.00,1
460,27934,2026-09-24,2026-08-12,EU,iOS,8,3,0.250,0.250,64,8.00,1
461,27935,2026-09-24,2026-08-12,EU,iOS,10,3,0.400,0.500,145,14.50,1
462,27936,2026-09-24,2026-08-12,US,Web,7,3,0.429,0.429,141,20.14,1
463,27938,2026-09-24,2026-08-12,Rest,iOS,22,3,0.455,0.182,254,11.55,1
464,27939,2026-09-24,2026-08-12,US,Web,3,2,0.333,0.000,20,6.67,1
465,27940,2026-09-24,2026-08-12,US,iOS,12,3,0.250,0.333,132,11.00,1
466,27941,2026-09-24,2026-08-12,US,iOS,8,3,0.375,0.875,65,8.13,1
467,27943,2026-09-24,2026-08-12,US,Android,5,2,0.200,0.200,33,6.60,0
468,27948,2026-09-24,2026-08-12,EU,Web,13,2,0.846,0.462,92,7.08,0
469,27949,2026-09-24,2026-08-12,EU,iOS,24,3,0.333,0.500,300,12.50,1
470,27950,2026-09-24,2026-08-12,US,Android,12,3,0.583,0.333,146,12.17,1
471,27951,2026-09-24,2026-08-12,US,Android,12,3,0.417,0.333,99,8.25,1
472,27952,2026-09-24,2026-08-12,US,Web,16,3,0.375,0.063,115,7.19,0
473,27954,2026-09-24,2026-08-12,India,Web,1,1,0.000,1.000,6,6.00,0
474,27955,2026-09-24,2026-08-12,US,Android,3,2,0.000,0.667,29,9.67,0
475,27956,2026-09-24,2026-08-12,US,Android,7,3,0.714,0.286,82,11.71,1
476,27957,2026-09-24,2026-08-12,India,Android,3,2,0.667,0.667,61,20.33,1
477,27960,2026-09-24,2026-08-12,India,Android,4,3,0.250,0.250,40,10.00,0
478,27961,2026-09-24,2026-08-12,US,iOS,6,2,0.000,0.833,51,8.50,1
479,27962,2026-09-24,2026-08-12,India,Android,8,3,0.375,0.125,79,9.88,1
480,27964,2026-09-24,2026-08-12,Rest,iOS,6,1,1.000,0.000,28,4.67,0
481,27965,2026-09-24,2026-08-12,US,Web,8,3,0.125,0.250,102,12.75,1
482,27966,2026-09-24,2026-08-12,India,iOS,9,3,0.333,0.222,52,5.78,1
483,27967,2026-09-24,2026-08-12,EU,Android,17,3,0.353,0.294,194,11.41,1
484,27970,2026-09-24,2026-08-12,India,iOS,4,2,0.250,0.750,27,6.75,1
485,27971,2026-09-24,2026-08-12,US,Android,7,2,0.857,0.286,70,10.00,0
486,27972,2026-09-24,2026-08-12,EU,iOS,2,2,0.000,0.500,12,6.00,0
487,27973,2026-09-24,2026-08-13,India,Android,7,3,0.714,0.286,79,11.29,0
488,27974,2026-09-24,2026-08-13,Rest,Android,3,1,1.000,0.333,22,7.33,0
489,27977,2026-09-24,2026-08-13,India,Web,14,3,0.500,0.214,156,11.14,1
490,27979,2026-09-24,2026-08-13,US,Web,8,2,0.750,0.375,97,12.13,0
491,27981,2026-09-24,2026-08-13,US,iOS,7,3,0.571,0.429,116,16.57,0
492,27982,2026-09-24,2026-08-13,EU,Android,21,3,0.762,0.143,390,18.57,1
493,27985,2026-09-24,2026-08-13,India,iOS,12,3,0.417,0.917,86,7.17,1
494,27988,2026-09-24,2026-08-13,EU,iOS,7,3,0.286,0.000,102,14.57,0
495,27992,2026-09-24,2026-08-13,EU,Web,12,3,0.833,0.167,79,6.58,0
496,27993,2026-09-24,2026-08-13,US,Web,13,3,0.462,0.692,180,13.85,1
497,27994,2026-09-24,2026-08-13,EU,Web,5,3,0.200,0.600,34,6.80,0
498,27996,2026-09-24,2026-08-13,Rest,Web,18,3,0.167,0.167,213,11.83,1
499,27998,2026-09-24,2026-08-13,US,Android,12,3,0.750,0.583,143,11.92,0
500,27999,2026-09-24,2026-08-13,India,Android,2,2,0.500,0.000,31,15.50,0
501,28003,2026-09-24,2026-08-13,Rest,iOS,6,3,0.667,0.167,55,9.17,0
502,28005,2026-09-24,2026-08-13,EU,Android,5,1,1.000,0.200,56,11.20,1
503,28008,2026-09-24,2026-08-13,India,iOS,8,2,0.000,0.125,163,20.38,0
504,28009,2026-09-24,2026-08-13,Rest,iOS,18,3,0.278,0.278,180,10.00,0
505,28014,2026-09-24,2026-08-13,US,iOS,25,3,0.280,0.440,283,11.32,1
506,28016,2026-09-24,2026-08-13,Rest,iOS,8,3,0.625,0.000,108,13.50,0
507,28019,2026-09-24,2026-08-13,EU,Android,9,3,0.333,0.556,65,7.22,1
508,28020,2026-09-24,2026-08-13,India,iOS,8,3,0.625,0.625,112,14.00,0
509,28021,2026-09-24,2026-08-13,US,Web,4,1,1.000,0.500,10,2.50,0
510,28022,2026-09-24,2026-08-13,US,Web,4,3,0.500,0.750,39,9.75,0
511,28024,2026-09-24,2026-08-13,US,iOS,6,3,0.500,0.500,38,6.33,1
512,28025,2026-09-24,2026-08-13,Rest,Android,16,3,0.813,0.250,125,7.81,0
513,28027,2026-09-24,2026-08-13,India,iOS,5,2,0.800,0.800,74,14.80,0
514,28028,2026-09-24,2026-08-13,US,Android,25,3,0.280,0.200,217,8.68,1
515,28029,2026-09-24,2026-08-13,EU,iOS,0,0,0.000,0.000,0,0.00,0
516,28032,2026-09-24,2026-08-14,EU,iOS,9,3,0.111,0.556,51,5.67,1
517,28033,2026-09-24,2026-08-14,US,Android,13,3,0.462,0.923,207,15.92,1
518,28035,2026-09-24,2026-08-14,US,iOS,10,3,0.300,0.800,190,19.00,0
519,28036,2026-09-24,2026-08-14,US,iOS,10,3,0.500,0.200,127,12.70,1
520,28038,2026-09-24,2026-08-14,Rest,iOS,13,3,0.462,0.154,166,12.77,0
521,28039,2026-09-24,2026-08-14,India,Android,10,3,0.400,1.000,141,14.10,0
522,28040,2026-09-24,2026-08-14,EU,Web,2,2,0.000,0.000,20,10.00,0
523,28042,2026-09-24,2026-08-14,Rest,Android,10,3,0.400,0.500,89,8.90,1
524,28043,2026-09-24,2026-08-14,Rest,Web,14,3,0.429,0.000,123,8.79,1
525,28045,2026-09-24,2026-08-14,US,iOS,12,3,0.167,0.250,119,9.92,1
526,28047,2026-09-24,2026-08-14,US,iOS,1,1,1.000,0.000,4,4.00,0
527,28049,2026-09-24,2026-08-14,EU,Android,6,3,0.500,0.167,55,9.17,0
528,28050,2026-09-24,2026-08-14,India,iOS,11,2,0.818,0.091,109,9.91,0
529,28051,2026-09-24,2026-08-14,Rest,iOS,18,3,0.389,0.222,153,8.50,1
530,28052,2026-09-24,2026-08-14,EU,Android,15,3,0.400,0.733,209,13.93,0
531,28055,2026-09-24,2026-08-14,EU,Android,1,1,0.000,0.000,12,12.00,0
532,28057,2026-09-24,2026-08-14,US,Android,7,2,0.714,0.429,133,19.00,0
533,28060,2026-09-24,2026-08-14,US,Android,2,1,1.000,0.000,11,5.50,0
534,28061,2026-09-24,2026-08-14,US,Web,3,2,0.333,0.333,17,5.67,1
535,28063,2026-09-24,2026-08-14,EU,Android,1,1,1.000,0.000,43,43.00,0
536,28067,2026-09-24,2026-08-14,US,Android,8,3,0.250,0.500,86,10.75,1
537,28071,2026-09-24,2026-08-14,US,iOS,7,3,0.571,0.429,120,17.14,1
538,28075,2026-09-24,2026-08-14,US,Web,10,2,0.700,0.400,161,16.10,0
539,28076,2026-09-24,2026-08-14,Rest,iOS,22,2,0.864,0.727,259,11.77,1
540,28077,2026-09-24,2026-08-14,Rest,iOS,12,3,0.583,0.500,113,9.42,0
541,28078,2026-09-24,2026-08-14,US,Web,6,3,0.667,0.167,65,10.83,0
542,28079,2026-09-24,2026-08-14,US,Web,11,3,0.455,0.182,116,10.55,0
543,28082,2026-09-24,2026-08-14,India,Web,14,3,0.357,0.214,149,10.64,0
544,28084,2026-09-24,2026-08-14,US,iOS,17,3,0.176,0.176,207,12.18,1
545,28087,2026-09-24,2026-08-14,EU,iOS,9,3,0.444,0.111,89,9.89,1
546,28089,2026-09-24,2026-08-14,EU,Web,4,1,1.000,0.250,28,7.00,0
547,28093,2026-09-24,2026-08-14,India,iOS,9,3,0.111,0.556,109,12.11,1
548,28094,2026-09-24,2026-08-14,EU,Android,16,2,0.875,0.563,145,9.06,0
549,28095,2026-09-24,2026-08-14,EU,Web,11,3,0.273,0.364,137,12.45,0
550,28096,2026-09-24,2026-08-14,EU,Android,13,3,0.231,0.462,128,9.85,1
551,28097,2026-09-24,2026-08-14,US,Web,6,3,0.667,0.167,20,3.33,0
552,28098,2026-09-24,2026-08-14,EU,iOS,10,3,0.400,0.400,139,13.90,1
553,28099,2026-09-24,2026-08-14,Rest,Android,10,3,0.600,0.100,106,10.60,0
554,28100,2026-09-24,2026-08-14,US,Web,6,3,0.500,0.167,62,10.33,1
555,28101,2026-09-24,2026-08-14,India,Web,2,1,0.000,0.500,13,6.50,0
556,28102,2026-09-24,2026-08-14,US,Android,16,3,0.563,0.688,234,14.63,1
557,28104,2026-09-24,2026-08-14,India,Web,6,3,0.333,0.167,100,16.67,0
558,28105,2026-09-24,2026-08-14,US,Web,5,2,0.600,0.400,50,10.00,1
559,28106,2026-09-24,2026-08-14,Rest,iOS,8,2,0.000,0.125,52,6.50,1
560,28108,2026-09-24,2026-08-14,EU,Web,31,3,0.484,0.742,337,10.87,1
561,28109,2026-09-24,2026-08-14,US,iOS,13,1,1.000,0.846,170,13.08,0
562,28111,2026-09-24,2026-08-15,US,Android,3,2,0.000,0.667,41,13.67,1
563,28113,2026-09-24,2026-08-15,US,Web,12,3,0.833,0.250,89,7.42,1
564,28115,2026-09-24,2026-08-15,US,Android,4,3,0.500,0.750,129,32.25,1
565,28117,2026-09-24,2026-08-15,Rest,Web,9,3,0.333,0.222,121,13.44,0
566,28118,2026-09-24,2026-08-15,India,Web,6,2,0.000,0.500,72,12.00,0
567,28120,2026-09-24,2026-08-15,India,Android,3,2,0.000,0.333,85,28.33,1
568,28124,2026-09-24,2026-08-15,Rest,Android,6,2,0.833,0.833,40,6.67,0
569,28126,2026-09-24,2026-08-15,Rest,Web,8,3,0.125,0.125,64,8.00,0
570,28128,2026-09-24,2026-08-15,India,iOS,3,3,0.333,0.000,39,13.00,0
571,28129,2026-09-24,2026-08-15,US,iOS,17,3,0.235,0.059,192,11.29,1
572,28130,2026-09-24,2026-08-15,India,Android,5,3,0.400,0.600,116,23.20,1
573,28133,2026-09-24,2026-08-15,US,iOS,13,3,0.462,0.385,184,14.15,1
574,28135,2026-09-24,2026-08-15,US,Android,5,3,0.400,1.000,40,8.00,0
575,28137,2026-09-24,2026-08-15,US,iOS,16,3,0.188,0.250,137,8.56,1
576,28139,2026-09-24,2026-08-15,US,Android,8,3,0.125,0.125,68,8.50,1
577,28141,2026-09-24,2026-08-15,Rest,iOS,8,3,0.375,0.750,164,20.50,1
578,28144,2026-09-24,2026-08-15,Rest,Web,4,3,0.250,1.000,34,8.50,0
579,28146,2026-09-24,2026-08-15,India,Android,5,3,0.200,0.200,50,10.00,0
580,28148,2026-09-24,2026-08-15,Rest,Web,2,1,0.000,0.000,7,3.50,0
581,28149,2026-09-24,2026-08-15,India,iOS,4,3,0.250,0.500,31,7.75,1
582,28150,2026-09-24,2026-08-15,US,Web,16,3,0.438,0.125,199,12.44,1
583,28151,2026-09-24,2026-08-15,US,Android,1,1,1.000,0.000,3,3.00,0
584,28154,2026-09-24,2026-08-15,Rest,Android,4,3,0.500,0.750,42,10.50,1
585,28155,2026-09-24,2026-08-15,EU,Web,9,3,0.444,0.444,128,14.22,1
586,28161,2026-09-24,2026-08-15,US,Web,12,3,0.167,0.417,107,8.92,1
587,28162,2026-09-24,2026-08-15,Rest,Android,12,3,0.167,0.083,117,9.75,1
588,28163,2026-09-24,2026-08-15,EU,iOS,4,1,0.000,0.250,35,8.75,0
589,28165,2026-09-24,2026-08-15,Rest,iOS,7,3,0.286,0.857,51,7.29,1
590,28166,2026-09-24,2026-08-15,Rest,Android,8,3,0.375,0.500,99,12.38,1
591,28167,2026-09-24,2026-08-15,US,Android,13,3,0.308,0.308,130,10.00,1
592,28168,2026-09-24,2026-08-15,EU,Web,2,2,0.500,0.000,25,12.50,0
593,28173,2026-09-24,2026-08-15,Rest,iOS,8,3,0.250,0.250,72,9.00,1
594,28174,2026-09-24,2026-08-15,US,Web,2,2,0.000,1.000,23,11.50,0
595,28175,2026-09-24,2026-08-15,US,iOS,6,2,0.667,0.167,90,15.00,0
596,28176,2026-09-24,2026-08-15,India,Web,10,3,0.500,0.700,134,13.40,1
597,28178,2026-09-24,2026-08-15,EU,Android,10,3,0.300,0.200,104,10.40,0
598,28179,2026-09-24,2026-08-15,US,iOS,1,1,1.000,1.000,8,8.00,0
599,28183,2026-09-24,2026-08-15,US,iOS,9,3,0.333,0.222,131,14.56,1
600,28186,2026-09-24,2026-08-16,India,Web,25,3,0.800,0.240,248,9.92,0
601,28190,2026-09-24,2026-08-16,Rest,Android,22,3,0.273,0.591,122,5.55,1
602,28194,2026-09-24,2026-08-16,US,Web,9,3,0.556,0.444,165,18.33,1
603,28195,2026-09-24,2026-08-16,India,Android,6,3,0.167,0.333,44,7.33,0
604,28197,2026-09-24,2026-08-16,Rest,Web,11,3,0.182,0.364,148,13.45,1
605,28198,2026-09-24,2026-08-16,US,iOS,7,3,0.571,0.429,112,16.00,1
606,28200,2026-09-24,2026-08-16,India,Web,14,3,0.429,0.143,165,11.79,1
607,28202,2026-09-24,2026-08-16,US,Android,12,3,0.250,0.333,117,9.75,1
608,28203,2026-09-24,2026-08-16,US,Web,2,2,0.500,0.000,43,21.50,0
609,28204,2026-09-24,2026-08-16,EU,iOS,6,3,0.667,0.333,54,9.00,0
610,28205,2026-09-24,2026-08-16,US,Web,13,3,0.154,0.308,163,12.54,1
611,28206,2026-09-24,2026-08-16,US,Web,7,3,0.143,0.286,77,11.00,1
612,28207,2026-09-24,2026-08-16,EU,Web,8,3,0.250,0.125,113,14.13,0
613,28208,2026-09-24,2026-08-16,US,Web,8,3,0.250,0.250,150,18.75,1
614,28212,2026-09-24,2026-08-16,US,iOS,20,3,0.300,0.250,215,10.75,1
615,28218,2026-09-24,2026-08-16,US,iOS,2,2,0.500,0.000,15,7.50,0
616,28219,2026-09-24,2026-08-16,EU,iOS,9,2,0.000,0.000,97,10.78,0
617,28220,2026-09-24,2026-08-16,US,iOS,15,3,0.333,0.400,154,10.27,1
618,28222,2026-09-24,2026-08-16,EU,Android,15,3,0.467,0.000,148,9.87,1
619,28223,2026-09-24,2026-08-16,EU,Android,4,2,0.500,0.250,50,12.50,0
620,28224,2026-09-24,2026-08-16,Rest,Android,5,1,1.000,0.200,56,11.20,0
621,28225,2026-09-24,2026-08-16,Rest,iOS,11,3,0.364,0.818,100,9.09,1
622,28227,2026-09-24,2026-08-16,US,iOS,5,3,0.200,0.600,62,12.40,0
623,28229,2026-09-24,2026-08-16,EU,Web,6,3,0.333,0.500,51,8.50,0
624,28232,2026-09-24,2026-08-16,US,iOS,28,3,0.357,0.107,247,8.82,1
625,28233,2026-09-24,2026-08-16,Rest,iOS,6,3,0.167,0.167,85,14.17,1
626,28234,2026-09-24,2026-08-16,US,iOS,5,3,0.600,0.200,50,10.00,0
627,28235,2026-09-24,2026-08-16,Rest,Android,9,1,1.000,0.556,86,9.56,1
628,28237,2026-09-24,2026-08-16,Rest,Android,9,3,0.444,0.444,92,10.22,1
629,28238,2026-09-24,2026-08-16,US,Web,6,3,0.333,0.167,61,10.17,1
630,28239,2026-09-24,2026-08-16,EU,Android,6,2,0.333,0.500,40,6.67,1
631,28240,2026-09-24,2026-08-16,US,Web,10,3,0.500,0.100,98,9.80,1
632,28241,2026-09-24,2026-08-16,EU,Android,4,2,0.250,0.250,25,6.25,0
633,28242,2026-09-24,2026-08-16,India,Android,8,3,0.500,0.250,162,20.25,0
634,28243,2026-09-24,2026-08-16,India,iOS,20,3,0.250,0.150,202,10.10,1
635,28244,2026-09-24,2026-08-16,EU,Android,10,3,0.400,0.400,71,7.10,1
636,28245,2026-09-24,2026-08-16,Rest,Android,5,3,0.200,0.200,58,11.60,1
637,28248,2026-09-24,2026-08-16,EU,Web,17,3,0.235,0.294,173,10.18,1
638,28250,2026-09-24,2026-08-16,EU,Android,1,1,1.000,1.000,5,5.00,0
639,28251,2026-09-24,2026-08-16,US,iOS,3,2,0.667,1.000,40,13.33,0
640,28252,2026-09-24,2026-08-16,Rest,Android,3,1,0.000,0.667,16,5.33,0
641,28258,2026-09-24,2026-08-17,US,Web,12,3,0.667,0.167,74,6.17,0
642,28260,2026-09-24,2026-08-17,EU,Android,2,2,0.500,0.500,18,9.00,0
643,28262,2026-09-24,2026-08-17,EU,Web,14,3,0.786,0.143,173,12.36,0
644,28263,2026-09-24,2026-08-17,US,iOS,5,3,0.200,0.600,36,7.20,1
645,28264,2026-09-24,2026-08-17,India,Web,11,3,0.636,0.182,78,7.09,0
646,28265,2026-09-24,2026-08-17,US,Android,10,1,1.000,0.500,66,6.60,0
647,28268,2026-09-24,2026-08-17,Rest,Android,0,0,0.000,0.000,0,0.00,1
648,28269,2026-09-24,2026-08-17,Rest,Android,4,2,0.000,0.250,43,10.75,1
649,28271,2026-09-24,2026-08-17,Rest,Web,6,3,0.667,0.333,80,13.33,1
650,28272,2026-09-24,2026-08-17,US,Web,1,1,1.000,0.000,12,12.00,0
651,28276,2026-09-24,2026-08-17,US,iOS,39,3,0.821,0.692,383,9.82,0
652,28279,2026-09-24,2026-08-17,EU,Web,11,3,0.091,0.091,80,7.27,1
653,28281,2026-09-24,2026-08-17,Rest,Android,6,2,0.000,0.667,35,5.83,1
654,28282,2026-09-24,2026-08-17,Rest,Web,1,1,0.000,0.000,9,9.00,0
655,28283,2026-09-24,2026-08-17,EU,Android,7,3,0.571,0.429,110,15.71,1
656,28286,2026-09-24,2026-08-17,Rest,Web,6,3,0.333,0.167,56,9.33,1
657,28287,2026-09-24,2026-08-17,US,Android,25,3,0.320,0.720,237,9.48,1
658,28288,2026-09-24,2026-08-17,EU,Web,2,1,0.000,0.500,6,3.00,0
659,28290,2026-09-24,2026-08-17,EU,Web,18,3,0.556,0.111,195,10.83,1
660,28292,2026-09-24,2026-08-17,India,iOS,9,3,0.222,0.667,76,8.44,1
661,28293,2026-09-24,2026-08-17,Rest,Web,5,3,0.400,0.200,88,17.60,0
662,28295,2026-09-24,2026-08-17,US,Android,9,3,0.222,0.667,53,5.89,1
663,28296,2026-09-24,2026-08-17,EU,Android,6,3,0.333,0.667,81,13.50,1
664,28297,2026-09-24,2026-08-17,US,Android,6,3,0.667,0.167,64,10.67,0
665,28298,2026-09-24,2026-08-17,Rest,Android,7,3,0.143,0.714,64,9.14,0
666,28299,2026-09-24,2026-08-17,US,Android,1,1,0.000,1.000,7,7.00,0
667,28305,2026-09-24,2026-08-17,Rest,iOS,14,3,0.500,0.643,147,10.50,1
668,28308,2026-09-24,2026-08-17,India,Web,7,3,0.286,0.286,34,4.86,1
669,28309,2026-09-24,2026-08-17,Rest,Web,6,3,0.333,0.000,68,11.33,1
670,28310,2026-09-24,2026-08-17,India,Web,3,2,0.333,0.667,52,17.33,0
671,28311,2026-09-24,2026-08-17,Rest,Android,7,3,0.286,0.429,42,6.00,1
672,28313,2026-09-24,2026-08-17,US,Android,7,2,0.857,0.286,142,20.29,0
673,28314,2026-09-24,2026-08-17,US,Web,3,1,1.000,0.333,105,35.00,0
674,28315,2026-09-24,2026-08-17,US,Android,8,3,0.375,0.125,108,13.50,1
675,28317,2026-09-24,2026-08-17,US,Web,5,2,0.800,0.400,36,7.20,0
676,28318,2026-09-24,2026-08-17,US,Web,4,3,0.250,0.250,93,23.25,0
677,28319,2026-09-24,2026-08-17,US,iOS,11,3,0.364,0.909,85,7.73,1
678,28320,2026-09-24,2026-08-17,US,Android,15,3,0.267,0.667,183,12.20,1
679,28321,2026-09-24,2026-08-17,US,Android,13,3,0.231,0.231,230,17.69,1
680,28322,2026-09-24,2026-08-17,Rest,iOS,4,3,0.250,0.250,27,6.75,1
681,28323,2026-09-24,2026-08-17,India,Android,8,3,0.375,0.250,60,7.50,1
682,28324,2026-09-24,2026-08-17,Rest,iOS,14,3,0.357,0.286,99,7.07,1
683,28329,2026-09-24,2026-08-17,US,Android,6,1,1.000,0.833,39,6.50,0
684,28330,2026-09-24,2026-08-17,Rest,Android,26,1,1.000,0.154,265,10.19,0
685,28331,2026-09-24,2026-08-17,EU,iOS,11,3,0.182,0.000,103,9.36,1
686,28332,2026-09-24,2026-08-17,Rest,iOS,3,2,0.333,1.000,27,9.00,0
687,28334,2026-09-24,2026-08-17,Rest,Android,8,3,0.250,0.750,83,10.38,1
688,28336,2026-09-24,2026-08-18,India,Web,12,3,0.833,0.917,107,8.92,0
689,28338,2026-09-24,2026-08-18,India,iOS,12,3,0.500,0.583,98,8.17,1
690,28341,2026-09-24,2026-08-18,India,iOS,25,3,0.200,0.680,289,11.56,1
691,28344,2026-09-24,2026-08-18,US,Android,7,3,0.143,0.857,43,6.14,1
692,28345,2026-09-24,2026-08-18,US,Web,5,3,0.200,0.800,41,8.20,0
693,28346,2026-09-24,2026-08-18,India,iOS,4,2,0.500,0.000,48,12.00,1
694,28348,2026-09-24,2026-08-18,EU,Web,10,2,0.900,0.400,131,13.10,0
695,28352,2026-09-24,2026-08-18,Rest,Android,8,3,0.375,0.500,101,12.63,1
696,28355,2026-09-24,2026-08-18,US,Android,0,0,0.000,0.000,0,0.00,0
697,28356,2026-09-24,2026-08-18,India,Android,10,3,0.200,0.200,121,12.10,1
698,28362,2026-09-24,2026-08-18,EU,Android,14,2,0.929,0.786,169,12.07,0
699,28363,2026-09-24,2026-08-18,US,Android,11,3,0.273,0.273,82,7.45,0
700,28364,2026-09-24,2026-08-18,EU,iOS,6,3,0.167,0.667,61,10.17,1
701,28365,2026-09-24,2026-08-18,EU,Android,15,3,0.333,0.200,124,8.27,1
702,28366,2026-09-24,2026-08-18,Rest,iOS,6,2,0.667,0.500,33,5.50,0
703,28369,2026-09-24,2026-08-18,US,Android,9,3,0.667,0.778,81,9.00,0
704,28373,2026-09-24,2026-08-18,US,iOS,11,3,0.364,0.364,94,8.55,1
705,28376,2026-09-24,2026-08-18,Rest,iOS,22,3,0.136,0.409,257,11.68,1
706,28379,2026-09-24,2026-08-18,US,Web,28,3,0.464,0.179,313,11.18,0
707,28380,2026-09-24,2026-08-18,India,Web,23,3,0.261,0.435,242,10.52,1
708,28383,2026-09-24,2026-08-18,EU,iOS,0,0,0.000,0.000,0,0.00,0
709,28384,2026-09-24,2026-08-18,India,Android,16,2,0.813,0.188,168,10.50,1
710,28385,2026-09-24,2026-08-18,Rest,Android,3,2,0.333,0.333,16,5.33,0
711,28386,2026-09-24,2026-08-18,US,iOS,8,3,0.250,0.000,67,8.38,1
712,28388,2026-09-24,2026-08-18,US,iOS,22,3,0.182,0.500,266,12.09,1
713,28390,2026-09-24,2026-08-18,US,iOS,19,3,0.263,0.158,190,10.00,1
714,28395,2026-09-24,2026-08-18,EU,Android,14,3,0.214,0.286,92,6.57,1
715,28398,2026-09-24,2026-08-18,EU,Android,7,3,0.429,0.429,74,10.57,1
716,28403,2026-09-24,2026-08-18,US,Web,10,3,0.400,0.000,164,16.40,1
717,28404,2026-09-24,2026-08-18,India,iOS,3,1,0.000,0.333,16,5.33,0
718,28405,2026-09-24,2026-08-18,Rest,Web,5,3,0.400,0.600,159,31.80,1
719,28410,2026-09-24,2026-08-18,India,iOS,14,3,0.357,0.714,147,10.50,0
720,28415,2026-09-24,2026-08-19,US,Web,1,1,0.000,0.000,1,1.00,0
721,28417,2026-09-24,2026-08-19,EU,iOS,17,3,0.235,0.412,209,12.29,1
722,28419,2026-09-24,2026-08-19,US,iOS,12,3,0.583,0.250,229,19.08,1
723,28420,2026-09-24,2026-08-19,Rest,Android,7,2,0.714,0.429,56,8.00,0
724,28422,2026-09-24,2026-08-19,Rest,Web,8,3,0.375,0.500,67,8.38,1
725,28423,2026-09-24,2026-08-19,US,iOS,6,3,0.333,0.667,133,22.17,0
726,28424,2026-09-24,2026-08-19,US,Web,0,0,0.000,0.000,0,0.00,0
727,28429,2026-09-24,2026-08-19,US,Web,10,3,0.500,0.200,155,15.50,1
728,28430,2026-09-24,2026-08-19,Rest,Web,23,3,0.435,0.304,238,10.35,0
729,28431,2026-09-24,2026-08-19,US,iOS,26,2,0.808,0.269,281,10.81,1
730,28432,2026-09-24,2026-08-19,Rest,Web,6,3,0.167,0.333,60,10.00,0
731,28434,2026-09-24,2026-08-19,US,Android,8,2,0.875,0.125,63,7.88,0
732,28437,2026-09-24,2026-08-19,EU,Web,2,2,0.500,0.500,14,7.00,0
733,28439,2026-09-24,2026-08-19,US,iOS,10,3,0.100,0.800,81,8.10,1
734,28443,2026-09-24,2026-08-19,India,iOS,21,3,0.143,0.143,252,12.00,1
735,28446,2026-09-24,2026-08-19,Rest,iOS,10,3,0.300,0.700,96,9.60,1
736,28451,2026-09-24,2026-08-19,US,Android,17,3,0.294,0.412,151,8.88,1
737,28453,2026-09-24,2026-08-19,US,Web,18,3,0.333,0.278,164,9.11,0
738,28455,2026-09-24,2026-08-19,EU,iOS,5,2,0.600,0.000,55,11.00,0
739,28456,2026-09-24,2026-08-19,US,Android,1,1,0.000,0.000,15,15.00,0
740,28458,2026-09-24,2026-08-19,US,iOS,2,2,0.500,0.500,7,3.50,0
741,28459,2026-09-24,2026-08-19,US,iOS,17,3,0.706,0.529,246,14.47,0
742,28462,2026-09-24,2026-08-19,India,iOS,2,1,0.000,0.000,16,8.00,0
743,28463,2026-09-24,2026-08-19,US,Web,17,3,0.412,0.176,194,11.41,1
744,28464,2026-09-24,2026-08-19,US,iOS,26,3,0.500,0.192,231,8.88,1
745,28466,2026-09-24,2026-08-19,US,Web,10,2,0.400,0.800,88,8.80,1
746,28467,2026-09-24,2026-08-19,US,Web,8,2,0.750,0.125,59,7.38,1
747,28468,2026-09-24,2026-08-19,US,Android,13,2,0.615,0.385,162,12.46,1
748,28471,2026-09-24,2026-08-19,US,iOS,8,3,0.250,0.500,99,12.38,1
749,28474,2026-09-24,2026-08-19,US,iOS,2,1,0.000,0.500,21,10.50,0
750,28475,2026-09-24,2026-08-19,US,iOS,9,3,0.333,0.111,145,16.11,1
751,28477,2026-09-24,2026-08-19,Rest,iOS,7,3,0.429,0.286,69,9.86,1
752,28478,2026-09-24,2026-08-19,EU,Android,9,3,0.556,0.222,160,17.78,1
753,28479,2026-09-24,2026-08-19,Rest,iOS,12,3,0.167,0.083,118,9.83,1
754,28481,2026-09-24,2026-08-19,US,Android,8,3,0.500,0.625,59,7.38,1
755,28484,2026-09-24,2026-08-19,Rest,iOS,8,2,0.875,0.125,122,15.25,0
756,28485,2026-09-24,2026-08-19,Rest,iOS,31,3,0.935,0.387,277,8.94,0
757,28486,2026-09-24,2026-08-19,US,iOS,29,3,0.862,0.310,348,12.00,1
758,28488,2026-09-24,2026-08-19,US,Android,7,3,0.571,0.286,135,19.29,1
759,28490,2026-09-24,2026-08-19,US,iOS,15,3,0.400,0.800,139,9.27,1
760,28492,2026-09-24,2026-08-19,US,iOS,16,3,0.313,0.313,101,6.31,1
761,28495,2026-09-24,2026-08-20,US,iOS,2,2,0.000,1.000,12,6.00,0
762,28496,2026-09-24,2026-08-20,US,Web,4,3,0.250,0.000,75,18.75,1
763,28498,2026-09-24,2026-08-20,EU,Android,4,2,0.250,0.000,20,5.00,0
764,28499,2026-09-24,2026-08-20,EU,Web,7,3,0.429,0.429,67,9.57,1
765,28505,2026-09-24,2026-08-20,EU,Android,6,3,0.500,0.167,129,21.50,0
766,28506,2026-09-24,2026-08-20,US,Android,8,3,0.375,0.375,150,18.75,1
767,28508,2026-09-24,2026-08-20,EU,Web,3,2,0.000,0.333,18,6.00,0
768,28511,2026-09-24,2026-08-20,India,iOS,17,3,0.765,0.471,140,8.24,0
769,28512,2026-09-24,2026-08-20,US,Android,0,0,0.000,0.000,0,0.00,0
770,28517,2026-09-24,2026-08-20,EU,Android,2,2,0.500,0.000,43,21.50,1
771,28518,2026-09-24,2026-08-20,India,iOS,0,0,0.000,0.000,0,0.00,0
772,28521,2026-09-24,2026-08-20,India,iOS,20,3,0.500,0.200,175,8.75,1
773,28524,2026-09-24,2026-08-20,EU,Web,27,3,0.296,0.444,387,14.33,1
774,28527,2026-09-24,2026-08-20,US,iOS,2,1,1.000,0.500,18,9.00,1
775,28529,2026-09-24,2026-08-20,US,Web,9,3,0.444,0.222,95,10.56,1
776,28531,2026-09-24,2026-08-20,US,Android,13,3,0.154,0.077,133,10.23,0
777,28533,2026-09-24,2026-08-20,US,iOS,5,3,0.400,0.200,71,14.20,0
778,28535,2026-09-24,2026-08-20,EU,Android,6,3,0.167,0.500,71,11.83,0
779,28536,2026-09-24,2026-08-20,Rest,iOS,21,2,0.857,0.190,249,11.86,0
780,28541,2026-09-24,2026-08-20,India,Web,1,1,1.000,0.000,10,10.00,0
781,28543,2026-09-24,2026-08-20,EU,iOS,8,3,0.625,0.125,54,6.75,0
782,28548,2026-09-24,2026-08-20,EU,Android,15,3,0.267,0.200,123,8.20,1
783,28549,2026-09-24,2026-08-20,EU,Android,0,0,0.000,0.000,0,0.00,0
784,28551,2026-09-24,2026-08-20,Rest,Android,15,2,0.733,0.133,141,9.40,1
785,28552,2026-09-24,2026-08-20,US,Android,14,3,0.286,0.357,123,8.79,1
786,28553,2026-09-24,2026-08-20,EU,iOS,12,3,0.250,0.250,131,10.92,1
787,28558,2026-09-24,2026-08-21,Rest,Android,2,1,1.000,0.000,23,11.50,0
788,28559,2026-09-24,2026-08-21,India,Web,15,3,0.267,0.400,135,9.00,1
789,28563,2026-09-24,2026-08-21,Rest,iOS,5,3,0.200,0.600,32,6.40,1
790,28564,2026-09-24,2026-08-21,US,Android,11,3,0.818,0.273,110,10.00,0
791,28565,2026-09-24,2026-08-21,US,Android,2,2,0.000,1.000,12,6.00,0
792,28566,2026-09-24,2026-08-21,US,Web,10,3,0.300,0.400,104,10.40,1
793,28567,2026-09-24,2026-08-21,India,Web,5,1,1.000,0.600,73,14.60,1
794,28570,2026-09-24,2026-08-21,US,Web,16,3,0.125,0.188,196,12.25,1
795,28572,2026-09-24,2026-08-21,US,Web,5,3,0.400,0.200,70,14.00,0
796,28573,2026-09-24,2026-08-21,Rest,Web,4,3,0.250,0.000,29,7.25,0
797,28574,2026-09-24,2026-08-21,India,Android,26,3,0.346,0.192,214,8.23,1
798,28576,2026-09-24,2026-08-21,Rest,Web,8,2,0.000,0.000,97,12.13,1
799,28579,2026-09-24,2026-08-21,Rest,iOS,0,0,0.000,0.000,0,0.00,0
800,28580,2026-09-24,2026-08-21,Rest,Web,6,2,0.667,0.167,69,11.50,0
801,28582,2026-09-24,2026-08-21,India,Web,3,2,0.333,0.333,33,11.00,1
802,28586,2026-09-24,2026-08-21,US,Web,9,3,0.444,0.556,58,6.44,1
803,28591,2026-09-24,2026-08-21,India,Web,16,2,0.938,0.250,210,13.13,0
804,28592,2026-09-24,2026-08-21,Rest,iOS,4,1,1.000,0.500,19,4.75,0
805,28595,2026-09-24,2026-08-21,US,iOS,1,1,0.000,1.000,3,3.00,1
806,28596,2026-09-24,2026-08-21,Rest,Android,9,3,0.222,0.333,62,6.89,1
807,28599,2026-09-24,2026-08-21,EU,Web,3,2,0.667,0.333,82,27.33,0
808,28600,2026-09-24,2026-08-21,US,iOS,0,0,0.000,0.000,0,0.00,0
809,28602,2026-09-24,2026-08-21,India,Web,3,2,0.667,0.000,13,4.33,0
810,28603,2026-09-24,2026-08-21,India,iOS,14,3,0.357,0.214,113,8.07,1
811,28605,2026-09-24,2026-08-21,US,iOS,10,3,0.500,0.400,96,9.60,1
812,28607,2026-09-24,2026-08-21,Rest,Android,6,1,1.000,0.333,50,8.33,0
813,28610,2026-09-24,2026-08-21,US,Android,17,3,0.765,0.294,138,8.12,0
814,28613,2026-09-24,2026-08-21,India,Web,11,3,0.182,0.182,128,11.64,1
815,28615,2026-09-24,2026-08-21,US,iOS,15,2,0.933,0.400,118,7.87,0
816,28618,2026-09-24,2026-08-21,US,Web,50,3,0.360,0.100,629,12.58,0
817,28619,2026-09-24,2026-08-21,Rest,Android,8,3,0.375,0.250,112,14.00,0
818,28623,2026-09-24,2026-08-21,US,Android,10,3,0.500,0.300,93,9.30,1
819,28624,2026-09-24,2026-08-21,EU,Android,2,1,1.000,0.500,32,16.00,0
820,28625,2026-09-24,2026-08-21,US,Web,2,1,0.000,0.500,29,14.50,0
821,28627,2026-09-24,2026-08-21,US,iOS,5,2,0.400,0.200,85,17.00,1
822,28630,2026-09-24,2026-08-21,US,Android,32,3,0.125,0.219,376,11.75,1
823,28634,2026-09-24,2026-08-21,US,Android,15,3,0.467,0.200,108,7.20,1
824,28636,2026-09-24,2026-08-22,India,Web,18,3,0.056,0.056,165,9.17,0
825,28638,2026-09-24,2026-08-22,US,iOS,23,3,0.870,0.130,175,7.61,0
826,28639,2026-09-24,2026-08-22,US,iOS,23,3,0.870,0.174,290,12.61,0
827,28640,2026-09-24,2026-08-22,Rest,iOS,8,2,0.625,0.000,97,12.13,1
828,28643,2026-09-24,2026-08-22,Rest,Web,8,1,1.000,0.000,78,9.75,0
829,28644,2026-09-24,2026-08-22,US,iOS,0,0,0.000,0.000,0,0.00,0
830,28647,2026-09-24,2026-08-22,EU,Web,10,3,0.300,0.400,112,11.20,1
831,28648,2026-09-24,2026-08-22,US,Web,11,3,0.091,0.455,88,8.00,1
832,28649,2026-09-24,2026-08-22,EU,Android,7,2,0.857,0.571,30,4.29,0
833,28650,2026-09-24,2026-08-22,US,Android,1,1,0.000,1.000,11,11.00,0
834,28653,2026-09-24,2026-08-22,US,Android,5,1,1.000,0.400,25,5.00,1
835,28654,2026-09-24,2026-08-22,US,Web,5,1,1.000,0.800,31,6.20,0
836,28656,2026-09-24,2026-08-22,EU,Android,41,3,0.902,0.341,339,8.27,0
837,28658,2026-09-24,2026-08-22,US,iOS,42,3,0.881,0.429,555,13.21,0
838,28659,2026-09-24,2026-08-22,EU,iOS,9,2,0.889,0.111,115,12.78,0
839,28661,2026-09-24,2026-08-22,US,iOS,35,3,0.514,0.600,311,8.89,1
840,28664,2026-09-24,2026-08-22,US,Web,5,2,0.000,0.200,64,12.80,1
841,28671,2026-09-24,2026-08-22,EU,Android,2,2,0.500,0.500,13,6.50,0
842,28673,2026-09-24,2026-08-22,US,Android,17,3,0.529,0.294,215,12.65,1
843,28675,2026-09-24,2026-08-22,India,iOS,9,3,0.444,0.667,64,7.11,1
844,28677,2026-09-24,2026-08-22,US,iOS,8,2,0.875,0.500,137,17.13,0
845,28678,2026-09-24,2026-08-22,India,Android,10,3,0.500,0.800,122,12.20,1
846,28688,2026-09-24,2026-08-22,India,Android,14,3,0.286,0.143,126,9.00,1
847,28689,2026-09-24,2026-08-22,India,Web,3,2,0.667,0.333,21,7.00,0
848,28691,2026-09-24,2026-08-22,India,Web,3,2,0.333,0.000,3,1.00,0
849,28693,2026-09-24,2026-08-22,India,Android,8,3,0.125,0.250,45,5.63,1
850,28696,2026-09-24,2026-08-22,India,iOS,6,3,0.333,0.333,46,7.67,0
851,28699,2026-09-24,2026-08-22,US,iOS,12,2,0.917,0.167,71,5.92,1
852,28702,2026-09-24,2026-08-22,US,Web,6,3,0.500,1.000,63,10.50,1
853,28703,2026-09-24,2026-08-22,EU,iOS,9,2,0.667,0.222,148,16.44,0
854,28706,2026-09-24,2026-08-22,Rest,Android,4,2,0.000,0.250,33,8.25,1
855,28708,2026-09-24,2026-08-23,India,iOS,1,1,0.000,1.000,15,15.00,0
856,28709,2026-09-24,2026-08-23,EU,Web,6,3,0.167,0.000,58,9.67,0
857,28716,2026-09-24,2026-08-23,EU,Web,20,3,0.500,0.300,193,9.65,0
858,28718,2026-09-24,2026-08-23,Rest,Android,7,3,0.571,0.143,79,11.29,1
859,28719,2026-09-24,2026-08-23,India,iOS,11,3,0.273,0.818,88,8.00,1
860,28721,2026-09-24,2026-08-23,EU,Web,18,3,0.444,0.722,122,6.78,0
861,28722,2026-09-24,2026-08-23,India,Web,14,3,0.286,0.071,160,11.43,1
862,28723,2026-09-24,2026-08-23,EU,Android,38,3,0.237,0.316,356,9.37,1
863,28725,2026-09-24,2026-08-23,Rest,Android,1,1,1.000,1.000,5,5.00,0
864,28729,2026-09-24,2026-08-23,US,Android,9,2,0.000,0.222,78,8.67,0
865,28730,2026-09-24,2026-08-23,Rest,iOS,4,1,1.000,0.250,29,7.25,0
866,28731,2026-09-24,2026-08-23,US,Android,6,2,0.333,0.333,107,17.83,1
867,28734,2026-09-24,2026-08-23,US,Android,10,3,0.200,0.700,86,8.60,1
868,28738,2026-09-24,2026-08-23,Rest,iOS,18,3,0.833,0.444,239,13.28,1
869,28739,2026-09-24,2026-08-23,Rest,Web,18,3,0.167,0.222,213,11.83,1
870,28743,2026-09-24,2026-08-23,Rest,iOS,14,3,0.429,0.643,165,11.79,1
871,28745,2026-09-24,2026-08-23,India,Web,5,3,0.400,0.400,59,11.80,1
872,28749,2026-09-24,2026-08-23,US,iOS,4,2,0.500,0.500,61,15.25,1
873,28750,2026-09-24,2026-08-23,US,Android,6,2,0.833,0.500,58,9.67,0
874,28752,2026-09-24,2026-08-23,US,iOS,18,3,0.889,0.278,209,11.61,0
875,28753,2026-09-24,2026-08-23,US,iOS,3,3,0.333,0.667,43,14.33,0
876,28758,2026-09-24,2026-08-23,US,Web,8,3,0.375,0.500,87,10.88,1
877,28759,2026-09-24,2026-08-23,India,Web,24,3,0.875,0.625,213,8.88,0
878,28761,2026-09-24,2026-08-23,US,Android,2,1,0.000,0.500,7,3.50,0
879,28762,2026-09-24,2026-08-23,EU,iOS,25,3,0.280,0.160,277,11.08,1
880,28763,2026-09-24,2026-08-23,US,Web,8,3,0.750,0.250,93,11.63,1
881,28765,2026-09-24,2026-08-23,US,iOS,5,2,0.800,0.800,75,15.00,0
882,28766,2026-09-24,2026-08-23,EU,iOS,2,1,1.000,0.500,14,7.00,0
883,28767,2026-09-24,2026-08-23,US,iOS,2,1,1.000,1.000,6,3.00,1
884,28768,2026-09-24,2026-08-23,EU,Web,15,3,0.200,0.333,207,13.80,1
885,28770,2026-09-24,2026-08-23,EU,iOS,4,2,0.000,0.500,46,11.50,0
886,28772,2026-09-24,2026-08-24,US,Web,11,3,0.182,0.182,57,5.18,1
887,28776,2026-09-24,2026-08-24,EU,Web,4,2,0.500,0.000,26,6.50,1
888,28778,2026-09-24,2026-08-24,India,iOS,12,3,0.500,0.833,105,8.75,1
889,28779,2026-09-24,2026-08-24,Rest,Web,11,3,0.273,0.091,102,9.27,1
890,28780,2026-09-24,2026-08-24,EU,Web,18,3,0.278,0.389,199,11.06,1
891,28781,2026-09-24,2026-08-24,EU,Web,4,2,0.750,0.500,42,10.50,1
892,28784,2026-09-24,2026-08-24,US,Android,16,3,0.250,0.188,149,9.31,1
893,28787,2026-09-24,2026-08-24,India,iOS,11,3,0.364,0.182,90,8.18,1
894,28788,2026-09-24,2026-08-24,EU,Web,14,3,0.286,0.643,126,9.00,1
895,28792,2026-09-24,2026-08-24,US,iOS,8,2,0.750,0.625,76,9.50,1
896,28793,2026-09-24,2026-08-24,EU,Web,3,2,0.667,0.000,36,12.00,0
897,28795,2026-09-24,2026-08-24,US,iOS,4,2,0.250,0.250,49,12.25,0
898,28796,2026-09-24,2026-08-24,India,Web,11,3,0.545,0.364,126,11.45,1
899,28797,2026-09-24,2026-08-24,US,iOS,18,3,0.333,0.333,270,15.00,1
900,28804,2026-09-24,2026-08-24,EU,Android,7,3,0.571,0.286,47,6.71,1
901,28808,2026-09-24,2026-08-24,India,iOS,22,3,0.273,0.591,200,9.09,1
902,28810,2026-09-24,2026-08-24,Rest,Web,2,1,0.000,0.000,53,26.50,0
903,28814,2026-09-24,2026-08-24,US,iOS,12,3,0.333,0.583,154,12.83,1
904,28816,2026-09-24,2026-08-24,India,Web,8,2,0.875,0.375,74,9.25,0
905,28818,2026-09-24,2026-08-24,EU,Web,2,2,0.500,0.500,39,19.50,0
906,28822,2026-09-24,2026-08-24,US,iOS,10,3,0.100,0.800,100,10.00,1
907,28826,2026-09-24,2026-08-24,US,iOS,4,2,0.750,0.500,44,11.00,1
908,28827,2026-09-24,2026-08-24,US,Android,17,2,0.882,0.353,130,7.65,0
909,28828,2026-09-24,2026-08-24,US,Web,7,2,0.714,0.429,127,18.14,0
910,28829,2026-09-24,2026-08-24,India,iOS,4,2,0.250,1.000,24,6.00,0
911,28830,2026-09-24,2026-08-24,Rest,iOS,13,3,0.385,0.692,96,7.38,1
912,28831,2026-09-24,2026-08-24,US,Android,1,1,1.000,0.000,2,2.00,0
913,28833,2026-09-24,2026-08-24,India,iOS,10,3,0.300,0.100,136,13.60,0
914,28836,2026-09-24,2026-08-24,US,Android,5,2,0.800,0.200,71,14.20,0
915,28838,2026-09-24,2026-08-24,US,Android,6,1,1.000,0.167,37,6.17,0
916,28839,2026-09-24,2026-08-24,Rest,iOS,20,3,0.800,0.150,154,7.70,1
917,28841,2026-09-24,2026-08-24,US,Web,5,2,0.400,0.200,16,3.20,0
918,28842,2026-09-24,2026-08-24,Rest,Web,16,2,0.875,0.188,148,9.25,0
919,28843,2026-09-24,2026-08-24,US,iOS,10,3,0.300,0.600,108,10.80,1
920,28844,2026-09-24,2026-08-24,EU,Android,6,1,1.000,0.333,55,9.17,1
921,28845,2026-09-24,2026-08-24,EU,Android,4,2,0.000,0.000,75,18.75,0
922,28847,2026-09-24,2026-08-24,EU,Android,6,2,0.000,0.167,61,10.17,0
923,28849,2026-09-24,2026-08-24,EU,Web,21,3,0.286,0.286,199,9.48,1
924,28850,2026-09-24,2026-08-24,India,Android,6,2,0.500,0.500,39,6.50,0
925,28852,2026-09-24,2026-08-24,US,Android,14,2,0.857,0.643,139,9.93,0
926,28859,2026-09-24,2026-08-25,India,iOS,21,3,0.429,0.333,161,7.67,1
927,28860,2026-09-24,2026-08-25,Rest,iOS,10,2,0.600,0.100,97,9.70,1
928,28861,2026-09-24,2026-08-25,US,iOS,28,3,0.464,0.393,278,9.93,1
929,28862,2026-09-24,2026-08-25,India,Web,13,3,0.308,0.385,140,10.77,0
930,28865,2026-09-24,2026-08-25,Rest,iOS,7,3,0.286,0.571,87,12.43,1
931,28868,2026-09-24,2026-08-25,India,iOS,3,2,0.667,1.000,42,14.00,0
932,28869,2026-09-24,2026-08-25,EU,iOS,9,1,1.000,0.333,103,11.44,1
933,28871,2026-09-24,2026-08-25,EU,Android,19,3,0.316,0.632,215,11.32,1
934,28875,2026-09-24,2026-08-25,US,Android,7,3,0.286,0.286,65,9.29,0
935,28878,2026-09-24,2026-08-25,India,Android,0,0,0.000,0.000,0,0.00,0
936,28879,2026-09-24,2026-08-25,US,Web,1,1,1.000,0.000,2,2.00,0
937,28880,2026-09-24,2026-08-25,US,iOS,0,0,0.000,0.000,0,0.00,0
938,28883,2026-09-24,2026-08-25,Rest,Android,4,2,0.500,0.250,29,7.25,1
939,28884,2026-09-24,2026-08-25,US,Web,5,3,0.200,0.400,59,11.80,1
940,28886,2026-09-24,2026-08-25,India,iOS,1,1,1.000,0.000,14,14.00,0
941,28887,2026-09-24,2026-08-25,Rest,iOS,9,3,0.667,0.667,60,6.67,0
942,28889,2026-09-24,2026-08-25,India,iOS,20,3,0.450,0.550,203,10.15,1
943,28891,2026-09-24,2026-08-25,US,Android,5,3,0.600,0.400,29,5.80,0
944,28899,2026-09-24,2026-08-25,US,Android,20,3,0.400,0.150,212,10.60,1
945,28900,2026-09-24,2026-08-25,EU,Web,3,2,0.333,1.000,36,12.00,1
946,28901,2026-09-24,2026-08-25,India,Android,1,1,1.000,0.000,23,23.00,0
947,28903,2026-09-24,2026-08-25,Rest,Web,2,2,0.000,0.000,8,4.00,0
948,28906,2026-09-24,2026-08-25,Rest,iOS,9,3,0.222,0.778,114,12.67,1
949,28907,2026-09-24,2026-08-25,US,Android,7,1,1.000,0.286,80,11.43,0
950,28909,2026-09-24,2026-08-25,US,iOS,8,3,0.250,0.250,112,14.00,1
951,28910,2026-09-24,2026-08-25,India,Web,10,3,0.200,0.500,101,10.10,0
952,28911,2026-09-24,2026-08-25,US,iOS,6,3,0.167,1.000,31,5.17,1
953,28913,2026-09-24,2026-08-25,EU,Android,15,3,0.400,0.333,177,11.80,1
954,28916,2026-09-24,2026-08-25,US,Web,16,3,0.500,0.188,134,8.38,0
955,28918,2026-09-24,2026-08-25,US,iOS,13,3,0.231,0.308,153,11.77,1
956,28919,2026-09-24,2026-08-25,US,Web,0,0,0.000,0.000,0,0.00,0
957,28920,2026-09-24,2026-08-25,US,iOS,2,1,0.000,1.000,19,9.50,1
958,28922,2026-09-24,2026-08-25,US,iOS,16,3,0.750,0.750,242,15.13,1
959,28923,2026-09-24,2026-08-25,US,Web,12,3,0.333,0.500,75,6.25,0
960,28926,2026-09-24,2026-08-26,US,Android,7,3,0.286,0.143,77,11.00,1
961,28927,2026-09-24,2026-08-26,US,iOS,3,3,0.333,0.667,79,26.33,0
962,28930,2026-09-24,2026-08-26,US,Android,5,2,0.200,0.800,65,13.00,0
963,28931,2026-09-24,2026-08-26,US,iOS,4,3,0.500,0.000,37,9.25,0
964,28932,2026-09-24,2026-08-26,Rest,Android,21,3,0.810,0.429,202,9.62,0
965,28933,2026-09-24,2026-08-26,US,Web,18,3,0.278,0.167,146,8.11,1
966,28934,2026-09-24,2026-08-26,Rest,iOS,30,3,0.833,0.500,300,10.00,0
967,28935,2026-09-24,2026-08-26,Rest,Web,18,3,0.500,0.556,154,8.56,0
968,28936,2026-09-24,2026-08-26,US,Android,39,3,0.333,0.359,455,11.67,1
969,28937,2026-09-24,2026-08-26,US,iOS,15,3,0.200,0.400,140,9.33,1
970,28939,2026-09-24,2026-08-26,India,Android,10,3,0.500,0.900,98,9.80,1
971,28942,2026-09-24,2026-08-26,US,Android,20,3,0.350,0.650,232,11.60,1
972,28943,2026-09-24,2026-08-26,EU,Android,2,2,0.500,0.500,5,2.50,0
973,28946,2026-09-24,2026-08-26,Rest,Android,9,2,0.889,0.333,61,6.78,0
974,28947,2026-09-24,2026-08-26,US,iOS,14,3,0.286,0.429,91,6.50,1
975,28949,2026-09-24,2026-08-26,Rest,iOS,5,3,0.200,0.000,61,12.20,0
976,28950,2026-09-24,2026-08-26,India,iOS,10,2,0.900,0.300,98,9.80,1
977,28951,2026-09-24,2026-08-26,EU,Web,3,2,0.000,1.000,26,8.67,1
978,28954,2026-09-24,2026-08-26,US,Web,14,3,0.286,0.143,99,7.07,1
979,28956,2026-09-24,2026-08-26,India,Android,21,3,0.905,0.524,153,7.29,0
980,28961,2026-09-24,2026-08-26,Rest,Web,11,2,0.909,0.091,119,10.82,0
981,28963,2026-09-24,2026-08-26,US,iOS,17,3,0.235,0.235,135,7.94,1
982,28966,2026-09-24,2026-08-26,EU,iOS,15,3,0.400,0.333,204,13.60,0
983,28969,2026-09-24,2026-08-26,US,Android,12,3,0.333,0.167,83,6.92,1
984,28970,2026-09-24,2026-08-26,US,iOS,9,3,0.667,0.111,102,11.33,0
985,28971,2026-09-24,2026-08-26,Rest,iOS,5,2,0.000,0.200,21,4.20,0
986,28975,2026-09-24,2026-08-26,EU,Web,10,3,0.400,0.100,120,12.00,1
987,28976,2026-09-24,2026-08-26,US,iOS,11,2,0.909,0.545,92,8.36,1
988,28977,2026-09-24,2026-08-26,US,iOS,1,1,0.000,1.000,2,2.00,0
989,28979,2026-09-24,2026-08-26,US,iOS,14,3,0.286,0.214,123,8.79,1
990,28980,2026-09-24,2026-08-26,Rest,Android,8,3,0.500,0.625,78,9.75,1
991,28983,2026-09-24,2026-08-26,EU,Android,3,1,0.000,1.000,26,8.67,0
992,28984,2026-09-24,2026-08-26,Rest,Android,17,3,0.294,0.235,196,11.53,0
993,28987,2026-09-24,2026-08-26,US,Web,14,3,0.571,0.571,231,16.50,1
994,28988,2026-09-24,2026-08-26,Rest,Web,1,1,1.000,0.000,9,9.00,0
995,28993,2026-09-24,2026-08-27,US,Android,11,3,0.545,0.636,148,13.45,1
996,28997,2026-09-24,2026-08-27,EU,iOS,3,1,0.000,0.667,50,16.67,0
997,29000,2026-09-24,2026-08-27,India,Web,10,3,0.300,0.900,112,11.20,1
998,29001,2026-09-24,2026-08-27,EU,Android,0,0,0.000,0.000,0,0.00,0
999,29002,2026-09-24,2026-08-27,EU,Android,6,3,0.333,0.333,55,9.17,1
1000,29003,2026-09-24,2026-08-27,US,Web,9,3,0.444,0.444,77,8.56,1
1001,29005,2026-09-24,2026-08-27,US,iOS,5,3,0.200,0.200,58,11.60,0
1002,29006,2026-09-24,2026-08-27,EU,iOS,8,3,0.375,0.250,32,4.00,1
1003,29007,2026-09-24,2026-08-27,EU,Web,2,1,1.000,0.000,8,4.00,0
1004,29009,2026-09-24,2026-08-27,Rest,iOS,7,3,0.143,0.429,101,14.43,1
1005,29015,2026-09-24,2026-08-27,US,Web,3,2,0.333,0.333,48,16.00,0
1006,29016,2026-09-24,2026-08-27,US,iOS,7,2,0.857,0.429,105,15.00,1
1007,29017,2026-09-24,2026-08-27,India,Android,11,3,0.545,0.364,199,18.09,1
1008,29019,2026-09-24,2026-08-27,US,iOS,0,0,0.000,0.000,0,0.00,0
1009,29020,2026-09-24,2026-08-27,India,iOS,2,1,1.000,0.500,7,3.50,0
1010,29021,2026-09-24,2026-08-27,Rest,Android,10,3,0.100,0.200,172,17.20,1
1011,29022,2026-09-24,2026-08-27,Rest,Android,7,3,0.143,0.000,82,11.71,0
1012,29023,2026-09-24,2026-08-27,EU,Android,4,2,0.500,0.500,47,11.75,0
1013,29025,2026-09-24,2026-08-27,US,Android,22,3,0.409,0.318,311,14.14,1
1014,29026,2026-09-24,2026-08-27,India,iOS,0,0,0.000,0.000,0,0.00,0
1015,29031,2026-09-24,2026-08-27,US,Web,10,3,0.200,0.100,82,8.20,1
1016,29035,2026-09-24,2026-08-27,EU,Android,9,3,0.556,0.556,111,12.33,1
1017,29036,2026-09-24,2026-08-27,US,Android,16,3,0.875,0.188,213,13.31,0
1018,29038,2026-09-24,2026-08-27,US,Android,15,3,0.867,0.533,143,9.53,1
1019,29039,2026-09-24,2026-08-27,India,Web,6,3,0.167,0.000,78,13.00,0
1020,29041,2026-09-24,2026-08-27,EU,Web,3,2,0.000,0.333,28,9.33,0
1021,29042,2026-09-24,2026-08-27,EU,iOS,10,3,0.200,0.300,155,15.50,1
1022,29043,2026-09-24,2026-08-27,India,iOS,7,3,0.143,0.857,85,12.14,0
1023,29046,2026-09-24,2026-08-27,US,iOS,6,3,0.333,0.167,21,3.50,1
1024,29047,2026-09-24,2026-08-27,US,Web,3,2,0.667,1.000,13,4.33,0
1025,29048,2026-09-24,2026-08-27,US,iOS,8,3,0.250,1.000,86,10.75,1
1026,29050,2026-09-24,2026-08-27,US,Web,8,3,0.375,0.375,76,9.50,1
1027,29055,2026-09-24,2026-08-27,US,Android,8,3,0.125,0.625,91,11.38,1
1028,29057,2026-09-24,2026-08-27,EU,Web,17,3,0.412,0.235,137,8.06,0
1029,29059,2026-09-24,2026-08-27,Rest,Android,7,2,0.857,0.286,82,11.71,0
1030,29062,2026-09-24,2026-08-27,Rest,iOS,11,3,0.364,0.182,150,13.64,1
1031,29066,2026-09-24,2026-08-27,EU,Android,2,2,0.000,0.500,14,7.00,0
1032,29067,2026-09-24,2026-08-27,US,iOS,14,3,0.143,0.357,104,7.43,1
1033,29068,2026-09-24,2026-08-27,US,Web,14,3,0.357,0.357,178,12.71,1
1034,29070,2026-09-24,2026-08-28,US,iOS,6,2,0.167,1.000,111,18.50,1
1035,29072,2026-09-24,2026-08-28,EU,Web,14,3,0.214,0.500,119,8.50,1
1036,29074,2026-09-24,2026-08-28,EU,Web,19,2,0.947,0.053,179,9.42,0
1037,29077,2026-09-24,2026-08-28,India,Android,11,3,0.273,0.182,132,12.00,1
1038,29083,2026-09-24,2026-08-28,US,Web,10,2,0.800,0.300,74,7.40,0
1039,29086,2026-09-24,2026-08-28,US,Web,16,3,0.375,0.625,175,10.94,1
1040,29089,2026-09-24,2026-08-28,Rest,Web,5,1,1.000,0.400,53,10.60,1
1041,29091,2026-09-24,2026-08-28,US,Android,14,3,0.571,0.071,168,12.00,1
1042,29092,2026-09-24,2026-08-28,US,Android,2,1,1.000,1.000,14,7.00,0
1043,29093,2026-09-24,2026-08-28,US,iOS,5,3,0.400,0.800,29,5.80,1
1044,29095,2026-09-24,2026-08-28,India,Android,6,3,0.167,0.500,41,6.83,0
1045,29098,2026-09-24,2026-08-28,India,Web,2,2,0.500,0.000,14,7.00,0
1046,29104,2026-09-24,2026-08-28,EU,iOS,3,1,0.000,0.667,44,14.67,0
1047,29106,2026-09-24,2026-08-28,US,Web,5,3,0.600,0.200,31,6.20,0
1048,29109,2026-09-24,2026-08-28,Rest,Android,9,3,0.333,0.333,109,12.11,1
1049,29114,2026-09-24,2026-08-28,India,Web,18,3,0.333,0.222,215,11.94,0
1050,29115,2026-09-24,2026-08-28,US,iOS,17,3,0.471,0.235,225,13.24,1
1051,29118,2026-09-24,2026-08-28,Rest,Android,2,1,0.000,0.000,31,15.50,0
1052,29121,2026-09-24,2026-08-28,US,Web,6,3,0.333,0.167,79,13.17,1
1053,29122,2026-09-24,2026-08-28,US,Web,4,2,0.000,0.250,69,17.25,1
1054,29123,2026-09-24,2026-08-28,EU,Android,3,2,0.000,1.000,37,12.33,0
1055,29125,2026-09-24,2026-08-28,US,iOS,7,3,0.143,0.286,46,6.57,1
1056,29127,2026-09-24,2026-08-28,Rest,Android,10,3,0.400,0.400,141,14.10,1
1057,29129,2026-09-24,2026-08-28,India,Android,3,1,0.000,1.000,28,9.33,0
1058,29130,2026-09-24,2026-08-28,India,Android,26,3,0.346,0.500,257,9.88,1
1059,29132,2026-09-24,2026-08-28,US,Web,31,3,0.161,0.097,327,10.55,1
1060,29133,2026-09-24,2026-08-28,US,iOS,11,3,0.364,0.182,116,10.55,1
1061,29135,2026-09-24,2026-08-28,US,iOS,3,1,0.000,0.333,37,12.33,0
1062,29136,2026-09-24,2026-08-28,India,Web,18,3,0.444,0.278,244,13.56,1
1063,29138,2026-09-24,2026-08-28,US,Web,24,3,0.125,0.292,299,12.46,1
1064,29140,2026-09-24,2026-08-29,Rest,iOS,9,3,0.333,0.333,90,10.00,1
1065,29141,2026-09-24,2026-08-29,US,iOS,8,3,0.250,0.625,65,8.13,1
1066,29145,2026-09-24,2026-08-29,US,Android,4,3,0.250,0.000,58,14.50,0
1067,29146,2026-09-24,2026-08-29,Rest,Web,9,3,0.333,0.444,85,9.44,1
1068,29147,2026-09-24,2026-08-29,US,Android,10,3,0.500,0.800,95,9.50,1
1069,29149,2026-09-24,2026-08-29,India,iOS,10,3,0.400,0.200,72,7.20,1
1070,29151,2026-09-24,2026-08-29,US,iOS,7,3,0.286,0.429,61,8.71,1
1071,29153,2026-09-24,2026-08-29,US,Android,12,3,0.250,0.167,82,6.83,1
1072,29154,2026-09-24,2026-08-29,US,Web,4,2,0.000,0.250,66,16.50,0
1073,29156,2026-09-24,2026-08-29,EU,Android,9,2,0.889,0.111,55,6.11,0
1074,29157,2026-09-24,2026-08-29,India,Web,11,3,0.273,0.727,121,11.00,1
1075,29158,2026-09-24,2026-08-29,Rest,Web,9,3,0.222,0.222,76,8.44,1
1076,29159,2026-09-24,2026-08-29,India,iOS,10,3,0.400,0.400,55,5.50,0
1077,29160,2026-09-24,2026-08-29,US,iOS,18,3,0.333,0.167,160,8.89,1
1078,29161,2026-09-24,2026-08-29,US,Web,3,2,0.667,0.667,20,6.67,0
1079,29162,2026-09-24,2026-08-29,Rest,Android,23,3,0.391,0.391,245,10.65,1
1080,29163,2026-09-24,2026-08-29,India,iOS,3,1,1.000,0.333,49,16.33,0
1081,29164,2026-09-24,2026-08-29,US,Android,11,3,0.364,0.182,65,5.91,0
1082,29169,2026-09-24,2026-08-29,India,Web,22,3,0.818,0.409,411,18.68,1
1083,29170,2026-09-24,2026-08-29,India,Android,8,3,0.750,0.500,72,9.00,1
1084,29172,2026-09-24,2026-08-29,EU,iOS,14,3,0.429,0.357,130,9.29,1
1085,29173,2026-09-24,2026-08-29,US,Android,17,3,0.176,0.412,163,9.59,1
1086,29174,2026-09-24,2026-08-29,EU,Android,9,3,0.667,0.333,108,12.00,0
1087,29178,2026-09-24,2026-08-29,India,iOS,19,3,0.316,0.684,217,11.42,0
1088,29180,2026-09-24,2026-08-29,Rest,Web,9,3,0.222,0.444,35,3.89,1
1089,29182,2026-09-24,2026-08-29,India,Android,5,2,0.800,0.200,70,14.00,0
1090,29184,2026-09-24,2026-08-29,US,Android,11,2,0.909,0.273,59,5.36,0
1091,29186,2026-09-24,2026-08-29,US,iOS,7,3,0.714,0.714,111,15.86,0
1092,29187,2026-09-24,2026-08-29,US,iOS,8,3,0.125,0.250,107,13.38,1
1093,29189,2026-09-24,2026-08-29,India,Android,7,3,0.714,1.000,49,7.00,0
1094,29191,2026-09-24,2026-08-29,US,iOS,14,2,0.929,0.357,143,10.21,0
1095,29194,2026-09-24,2026-08-29,Rest,Android,23,3,0.913,0.304,239,10.39,0
1096,29197,2026-09-24,2026-08-29,Rest,Web,5,3,0.400,0.200,21,4.20,1
1097,29200,2026-09-24,2026-08-29,India,Android,8,3,0.500,0.125,59,7.38,1
1098,29201,2026-09-24,2026-08-29,US,Web,4,2,0.750,0.000,37,9.25,0
1099,29203,2026-09-24,2026-08-29,EU,Android,3,2,0.667,0.000,18,6.00,0
1100,29211,2026-09-24,2026-08-29,US,Android,3,2,0.000,0.000,28,9.33,0
1101,29213,2026-09-24,2026-08-29,US,Web,5,2,0.400,0.400,58,11.60,1
1102,29215,2026-09-24,2026-08-30,Rest,Android,30,3,0.300,0.400,321,10.70,1
1103,29217,2026-09-24,2026-08-30,US,Web,29,3,0.172,0.138,341,11.76,1
1104,29218,2026-09-24,2026-08-30,EU,Web,11,3,0.273,0.455,142,12.91,1
1105,29219,2026-09-24,2026-08-30,US,iOS,6,2,0.000,0.500,90,15.00,0
1106,29220,2026-09-24,2026-08-30,US,iOS,18,3,0.778,0.056,240,13.33,0
1107,29221,2026-09-24,2026-08-30,US,iOS,9,3,0.222,0.444,65,7.22,1
1108,29222,2026-09-24,2026-08-30,India,iOS,2,2,0.500,0.500,18,9.00,0
1109,29224,2026-09-24,2026-08-30,US,Android,15,2,0.867,0.733,111,7.40,0
1110,29225,2026-09-24,2026-08-30,US,iOS,1,1,0.000,0.000,5,5.00,0
1111,29226,2026-09-24,2026-08-30,US,Android,28,3,0.929,0.286,370,13.21,0
1112,29228,2026-09-24,2026-08-30,US,iOS,4,2,0.750,0.250,65,16.25,1
1113,29230,2026-09-24,2026-08-30,US,Android,4,3,0.500,0.250,39,9.75,0
1114,29231,2026-09-24,2026-08-30,Rest,Android,4,2,0.500,0.000,36,9.00,0
1115,29233,2026-09-24,2026-08-30,US,Web,5,2,0.400,0.600,27,5.40,0
1116,29234,2026-09-24,2026-08-30,US,Web,8,3,0.250,0.500,99,12.38,1
1117,29235,2026-09-24,2026-08-30,India,iOS,6,3,0.167,0.500,61,10.17,1
1118,29240,2026-09-24,2026-08-30,Rest,Android,8,2,0.875,0.375,137,17.13,0
1119,29242,2026-09-24,2026-08-30,US,Web,1,1,1.000,0.000,1,1.00,0
1120,29249,2026-09-24,2026-08-30,EU,Web,10,2,0.000,0.000,77,7.70,1
1121,29250,2026-09-24,2026-08-30,Rest,iOS,13,3,0.692,0.538,214,16.46,1
1122,29252,2026-09-24,2026-08-30,EU,Web,1,1,0.000,1.000,3,3.00,0
1123,29253,2026-09-24,2026-08-30,EU,iOS,4,1,1.000,0.000,34,8.50,0
1124,29256,2026-09-24,2026-08-30,India,Web,0,0,0.000,0.000,0,0.00,0
1125,29257,2026-09-24,2026-08-30,Rest,Android,7,3,0.429,0.429,100,14.29,1
1126,29258,2026-09-24,2026-08-30,EU,iOS,14,3,0.214,0.071,208,14.86,1
1127,29259,2026-09-24,2026-08-30,US,Android,3,2,0.333,0.333,21,7.00,1
1128,29260,2026-09-24,2026-08-30,EU,iOS,2,1,1.000,0.500,39,19.50,1
1129,29266,2026-09-24,2026-08-30,US,iOS,13,3,0.462,0.385,248,19.08,1
1130,29270,2026-09-24,2026-08-30,Rest,Web,16,3,0.250,0.125,179,11.19,1
1131,29271,2026-09-24,2026-08-30,Rest,Android,17,3,0.765,0.647,213,12.53,1
1132,29272,2026-09-24,2026-08-30,EU,iOS,3,2,0.000,0.333,41,13.67,0
1133,29273,2026-09-24,2026-08-30,EU,Web,5,3,0.200,0.600,78,15.60,0
1134,29275,2026-09-24,2026-08-30,US,iOS,4,3,0.250,0.750,24,6.00,0
1135,29277,2026-09-24,2026-08-30,US,Web,9,3,0.333,0.333,81,9.00,1
1136,29278,2026-09-24,2026-08-30,US,iOS,1,1,1.000,0.000,6,6.00,0
1137,29282,2026-09-24,2026-08-30,EU,Android,2,1,0.000,0.000,11,5.50,0
1138,29285,2026-09-24,2026-08-30,US,iOS,5,3,0.400,0.000,45,9.00,0
1139,29286,2026-09-24,2026-08-30,US,iOS,13,3,0.385,0.615,188,14.46,1
1140,29288,2026-09-24,2026-08-30,Rest,Web,3,2,0.000,0.000,18,6.00,0
1141,29292,2026-09-24,2026-08-31,EU,Web,9,3,0.333,0.111,79,8.78,1
1142,29294,2026-09-24,2026-08-31,EU,Web,2,1,0.000,0.000,2,1.00,0
1143,29297,2026-09-24,2026-08-31,EU,Android,15,3,0.333,0.733,127,8.47,1
1144,29298,2026-09-24,2026-08-31,US,Android,22,3,0.545,0.545,210,9.55,1
1145,29302,2026-09-24,2026-08-31,Rest,Web,1,1,0.000,0.000,3,3.00,0
1146,29303,2026-09-24,2026-08-31,EU,Android,2,2,0.500,0.000,9,4.50,0
1147,29304,2026-09-24,2026-08-31,US,Web,5,1,1.000,0.400,100,20.00,0
1148,29305,2026-09-24,2026-08-31,US,Web,8,3,0.500,0.375,106,13.25,1
1149,29308,2026-09-24,2026-08-31,India,Web,14,3,0.286,0.714,101,7.21,1
1150,29311,2026-09-24,2026-08-31,US,Web,6,2,0.833,0.500,79,13.17,0
1151,29312,2026-09-24,2026-08-31,US,iOS,7,2,0.857,0.571,45,6.43,0
1152,29315,2026-09-24,2026-08-31,India,iOS,6,2,0.000,0.333,49,8.17,1
1153,29317,2026-09-24,2026-08-31,India,Web,16,3,0.438,0.063,188,11.75,0
1154,29319,2026-09-24,2026-08-31,India,Android,10,3,0.200,0.700,86,8.60,1
1155,29320,2026-09-24,2026-08-31,EU,iOS,16,3,0.188,0.438,129,8.06,1
1156,29321,2026-09-24,2026-08-31,EU,iOS,2,1,1.000,0.500,5,2.50,0
1157,29323,2026-09-24,2026-08-31,EU,Android,2,2,0.500,0.500,11,5.50,0
1158,29326,2026-09-24,2026-08-31,Rest,Android,6,3,0.500,0.833,56,9.33,0
1159,29329,2026-09-24,2026-08-31,Rest,Android,3,2,0.333,0.000,27,9.00,0
1160,29330,2026-09-24,2026-08-31,Rest,Android,4,2,0.000,0.750,38,9.50,0
1161,29332,2026-09-24,2026-08-31,EU,iOS,11,3,0.273,0.909,130,11.82,1
1162,29333,2026-09-24,2026-08-31,Rest,iOS,29,3,0.862,0.241,239,8.24,1
1163,29334,2026-09-24,2026-08-31,Rest,Web,7,3,0.429,0.286,99,14.14,1
1164,29335,2026-09-24,2026-08-31,India,Android,3,2,0.000,0.667,47,15.67,0
1165,29336,2026-09-24,2026-08-31,India,iOS,16,3,0.250,0.188,145,9.06,0
1166,29337,2026-09-24,2026-08-31,US,Android,5,2,0.000,0.800,34,6.80,1
1167,29341,2026-09-24,2026-08-31,US,Android,5,3,0.400,0.400,70,14.00,0
1168,29342,2026-09-24,2026-08-31,US,Android,7,2,0.857,0.286,134,19.14,0
1169,29343,2026-09-24,2026-08-31,EU,Android,20,3,0.250,0.450,149,7.45,1
1170,29344,2026-09-24,2026-08-31,EU,Android,14,3,0.714,0.071,180,12.86,0
1171,29345,2026-09-24,2026-08-31,US,Android,12,3,0.333,0.333,108,9.00,1
1172,29347,2026-09-24,2026-08-31,US,Android,0,0,0.000,0.000,0,0.00,0
1173,29349,2026-09-24,2026-08-31,India,Android,11,3,0.364,0.364,57,5.18,1
1174,29352,2026-09-24,2026-08-31,US,Android,6,3,0.167,0.167,77,12.83,1
1175,29353,2026-09-24,2026-08-31,India,Web,8,2,0.625,0.625,46,5.75,0
1176,29355,2026-09-24,2026-08-31,US,iOS,1,1,0.000,0.000,21,21.00,0
1177,29356,2026-09-24,2026-08-31,US,Android,8,3,0.125,0.375,61,7.63,1
1178,29357,2026-09-24,2026-08-31,US,Android,7,2,0.286,0.571,48,6.86,1
1179,29358,2026-09-24,2026-08-31,India,Web,9,3,0.333,0.444,78,8.67,1
1180,29360,2026-09-24,2026-08-31,Rest,iOS,8,3,0.125,0.625,78,9.75,1
1181,29362,2026-09-24,2026-09-01,India,iOS,7,2,0.857,0.429,32,4.57,0
1182,29364,2026-09-24,2026-09-01,US,iOS,13,3,0.308,0.846,183,14.08,1
1183,29365,2026-09-24,2026-09-01,US,Web,8,3,0.125,0.625,107,13.38,1
1184,29371,2026-09-24,2026-09-01,US,Android,4,2,0.500,0.250,36,9.00,0
1185,29372,2026-09-24,2026-09-01,Rest,iOS,26,3,0.846,0.577,287,11.04,1
1186,29376,2026-09-24,2026-09-01,EU,Web,18,3,0.833,0.056,289,16.06,0
1187,29377,2026-09-24,2026-09-01,US,iOS,1,1,0.000,0.000,1,1.00,0
1188,29379,2026-09-24,2026-09-01,Rest,iOS,14,2,0.929,0.429,146,10.43,0
1189,29380,2026-09-24,2026-09-01,US,Web,3,2,0.667,0.667,6,2.00,0
1190,29382,2026-09-24,2026-09-01,US,Web,20,3,0.350,0.300,223,11.15,1
1191,29386,2026-09-24,2026-09-01,India,Android,11,3,0.273,0.727,126,11.45,1
1192,29387,2026-09-24,2026-09-01,Rest,iOS,8,3,0.500,0.375,92,11.50,1
1193,29389,2026-09-24,2026-09-01,US,Android,1,1,0.000,0.000,9,9.00,0
1194,29391,2026-09-24,2026-09-01,Rest,iOS,18,2,0.944,0.389,226,12.56,0
1195,29392,2026-09-24,2026-09-01,EU,Web,4,3,0.250,0.000,13,3.25,0
1196,29394,2026-09-24,2026-09-01,Rest,iOS,4,1,0.000,0.250,16,4.00,0
1197,29395,2026-09-24,2026-09-01,EU,iOS,9,3,0.333,0.444,105,11.67,1
1198,29396,2026-09-24,2026-09-01,US,Web,15,3,0.267,0.067,108,7.20,1
1199,29402,2026-09-24,2026-09-01,India,iOS,24,3,0.375,0.250,266,11.08,1
1200,29403,2026-09-24,2026-09-01,US,Web,9,3,0.444,0.333,151,16.78,1
1201,29404,2026-09-24,2026-09-01,US,iOS,12,3,0.250,0.500,130,10.83,1
1202,29405,2026-09-24,2026-09-01,Rest,iOS,9,3,0.444,0.667,69,7.67,0
1203,29406,2026-09-24,2026-09-01,US,Android,13,3,0.154,0.615,156,12.00,1
1204,29408,2026-09-24,2026-09-01,US,Android,10,3,0.200,0.300,70,7.00,1
1205,29409,2026-09-24,2026-09-01,US,iOS,6,3,0.333,0.333,106,17.67,1
1206,29410,2026-09-24,2026-09-01,US,Web,8,2,0.750,0.250,92,11.50,1
1207,29411,2026-09-24,2026-09-01,US,Web,8,3,0.625,0.250,64,8.00,0
1208,29412,2026-09-24,2026-09-01,EU,Android,9,3,0.778,0.222,106,11.78,0
1209,29414,2026-09-24,2026-09-01,Rest,Web,0,0,0.000,0.000,0,0.00,0
1210,29415,2026-09-24,2026-09-01,US,Android,5,2,0.600,0.000,89,17.80,1
1211,29418,2026-09-24,2026-09-01,US,Web,24,3,0.167,0.542,292,12.17,0
1212,29420,2026-09-24,2026-09-01,US,Web,9,3,0.333,0.333,105,11.67,1
1213,29426,2026-09-24,2026-09-02,Rest,iOS,17,3,0.412,0.059,127,7.47,1
1214,29427,2026-09-24,2026-09-02,Rest,Web,9,3,0.111,0.333,64,7.11,1
1215,29428,2026-09-24,2026-09-02,EU,iOS,6,3,0.667,0.333,52,8.67,0
1216,29430,2026-09-24,2026-09-02,US,Android,11,3,0.364,0.545,135,12.27,1
1217,29432,2026-09-24,2026-09-02,EU,iOS,8,3,0.250,0.750,100,12.50,1
1218,29434,2026-09-24,2026-09-02,India,Android,14,3,0.571,0.643,80,5.71,0
1219,29435,2026-09-24,2026-09-02,US,Web,7,2,0.857,0.143,73,10.43,0
1220,29436,2026-09-24,2026-09-02,Rest,Web,15,2,0.867,0.267,158,10.53,1
1221,29439,2026-09-24,2026-09-02,US,Web,10,3,0.300,0.000,90,9.00,1
1222,29441,2026-09-24,2026-09-02,US,Web,4,2,0.750,0.500,57,14.25,0
1223,29444,2026-09-24,2026-09-02,Rest,Android,15,3,0.667,0.800,250,16.67,1
1224,29445,2026-09-24,2026-09-02,Rest,iOS,5,1,1.000,0.200,52,10.40,0
1225,29446,2026-09-24,2026-09-02,Rest,Android,13,3,0.231,0.154,95,7.31,1
1226,29449,2026-09-24,2026-09-02,India,Android,13,3,0.231,0.308,134,10.31,1
1227,29450,2026-09-24,2026-09-02,India,Android,19,3,0.263,0.421,165,8.68,1
1228,29452,2026-09-24,2026-09-02,US,Web,3,2,0.667,0.667,66,22.00,0
1229,29453,2026-09-24,2026-09-02,India,Android,14,3,0.214,0.286,148,10.57,0
1230,29456,2026-09-24,2026-09-02,US,Web,11,3,0.364,0.182,73,6.64,1
1231,29461,2026-09-24,2026-09-02,India,Web,13,3,0.231,0.692,138,10.62,1
1232,29465,2026-09-24,2026-09-02,US,iOS,12,2,0.833,0.667,124,10.33,0
1233,29466,2026-09-24,2026-09-02,EU,Web,24,3,0.500,0.500,236,9.83,1
1234,29468,2026-09-24,2026-09-02,EU,Web,14,1,1.000,0.571,139,9.93,0
1235,29471,2026-09-24,2026-09-02,US,Web,10,2,0.900,0.000,172,17.20,0
1236,29472,2026-09-24,2026-09-02,India,Android,7,3,0.286,0.000,42,6.00,0
1237,29474,2026-09-24,2026-09-02,Rest,Android,5,2,0.000,0.200,25,5.00,1
1238,29475,2026-09-24,2026-09-02,Rest,iOS,16,3,0.250,0.188,208,13.00,1
1239,29476,2026-09-24,2026-09-02,US,Android,6,3,0.500,0.167,79,13.17,1
1240,29477,2026-09-24,2026-09-02,US,Android,15,3,0.267,0.933,113,7.53,1
1241,29478,2026-09-24,2026-09-02,US,Web,5,3,0.200,0.600,30,6.00,1
1242,29480,2026-09-24,2026-09-02,Rest,iOS,7,1,1.000,0.000,51,7.29,0
1243,29486,2026-09-24,2026-09-03,EU,Web,12,3,0.333,0.500,124,10.33,1
1244,29488,2026-09-24,2026-09-03,EU,Web,14,3,0.214,0.143,83,5.93,1
1245,29489,2026-09-24,2026-09-03,US,Web,8,2,0.375,0.125,79,9.88,0
1246,29491,2026-09-24,2026-09-03,Rest,Web,4,2,0.750,0.250,63,15.75,0
1247,29492,2026-09-24,2026-09-03,EU,Web,5,3,0.600,0.400,54,10.80,1
1248,29494,2026-09-24,2026-09-03,India,Web,10,3,0.500,0.600,104,10.40,1
1249,29495,2026-09-24,2026-09-03,US,Android,2,2,0.500,0.500,17,8.50,1
1250,29496,2026-09-24,2026-09-03,EU,iOS,8,3,0.625,0.250,64,8.00,0
1251,29497,2026-09-24,2026-09-03,US,Android,8,3,0.750,0.625,83,10.38,1
1252,29499,2026-09-24,2026-09-03,Rest,iOS,11,3,0.273,0.091,132,12.00,0
1253,29503,2026-09-24,2026-09-03,India,Web,5,3,0.200,0.200,35,7.00,0
1254,29505,2026-09-24,2026-09-03,Rest,iOS,6,3,0.333,0.167,68,11.33,0
1255,29509,2026-09-24,2026-09-03,Rest,iOS,2,2,0.500,0.500,16,8.00,0
1256,29512,2026-09-24,2026-09-03,US,Web,13,3,0.615,0.538,142,10.92,0
1257,29514,2026-09-24,2026-09-03,EU,iOS,14,1,1.000,0.643,186,13.29,0
1258,29516,2026-09-24,2026-09-03,India,Android,4,3,0.500,0.250,27,6.75,1
1259,29517,2026-09-24,2026-09-03,EU,iOS,20,3,0.200,0.300,273,13.65,1
1260,29519,2026-09-24,2026-09-03,US,Android,4,2,0.500,0.500,23,5.75,0
1261,29521,2026-09-24,2026-09-03,India,Android,5,2,0.400,0.200,57,11.40,0
1262,29524,2026-09-24,2026-09-03,India,Web,20,3,0.300,0.150,282,14.10,0
1263,29525,2026-09-24,2026-09-03,Rest,Web,23,3,0.783,0.217,210,9.13,0
1264,29526,2026-09-24,2026-09-03,EU,Web,7,3,0.429,0.429,86,12.29,1
1265,29527,2026-09-24,2026-09-03,US,Web,3,2,0.000,0.000,68,22.67,1
1266,29530,2026-09-24,2026-09-03,Rest,Android,11,3,0.273,0.545,116,10.55,1
1267,29531,2026-09-24,2026-09-03,US,iOS,27,3,0.370,0.370,295,10.93,1
1268,29532,2026-09-24,2026-09-03,Rest,Web,15,3,0.133,0.333,179,11.93,0
1269,29533,2026-09-24,2026-09-03,Rest,iOS,9,3,0.778,0.222,90,10.00,0
1270,29535,2026-09-24,2026-09-03,Rest,Android,27,3,0.407,0.111,259,9.59,1
1271,29536,2026-09-24,2026-09-03,EU,iOS,8,3,0.375,0.250,118,14.75,1
1272,29537,2026-09-24,2026-09-03,US,Android,7,3,0.286,0.429,58,8.29,1
1273,29538,2026-09-24,2026-09-03,US,iOS,0,0,0.000,0.000,0,0.00,0
1274,29539,2026-09-24,2026-09-03,US,Android,8,3,0.375,0.250,65,8.13,1
1275,29540,2026-09-24,2026-09-03,US,Android,4,3,0.250,0.250,69,17.25,0
1276,29541,2026-09-24,2026-09-03,Rest,Web,3,2,0.667,0.333,19,6.33,0
1277,29543,2026-09-24,2026-09-03,India,Android,11,1,1.000,0.455,104,9.45,1
1278,29546,2026-09-24,2026-09-04,US,iOS,35,3,0.857,0.257,450,12.86,0
1279,29547,2026-09-24,2026-09-04,US,Web,4,2,0.750,1.000,21,5.25,0
1280,29548,2026-09-24,2026-09-04,US,iOS,6,2,0.000,0.500,74,12.33,1
1281,29550,2026-09-24,2026-09-04,India,Android,15,3,0.200,0.333,142,9.47,1
1282,29551,2026-09-24,2026-09-04,India,iOS,2,2,0.000,0.500,38,19.00,0
1283,29552,2026-09-24,2026-09-04,EU,iOS,4,3,0.250,1.000,27,6.75,0
1284,29555,2026-09-24,2026-09-04,India,Web,1,1,0.000,0.000,2,2.00,0
1285,29556,2026-09-24,2026-09-04,US,Web,2,2,0.000,0.500,13,6.50,1
1286,29560,2026-09-24,2026-09-04,Rest,iOS,13,3,0.385,0.692,94,7.23,1
1287,29561,2026-09-24,2026-09-04,US,Web,8,2,0.000,0.375,107,13.38,1
1288,29564,2026-09-24,2026-09-04,India,Web,3,1,0.000,0.000,29,9.67,0
1289,29565,2026-09-24,2026-09-04,Rest,iOS,9,3,0.222,0.333,84,9.33,1
1290,29567,2026-09-24,2026-09-04,US,iOS,0,0,0.000,0.000,0,0.00,0
1291,29569,2026-09-24,2026-09-04,US,iOS,8,3,0.250,0.125,77,9.63,1
1292,29571,2026-09-24,2026-09-04,EU,Web,1,1,0.000,0.000,10,10.00,0
1293,29573,2026-09-24,2026-09-04,Rest,iOS,18,2,0.944,0.278,276,15.33,0
1294,29575,2026-09-24,2026-09-04,Rest,Web,20,3,0.350,0.050,205,10.25,1
1295,29576,2026-09-24,2026-09-04,US,Android,4,3,0.500,0.750,72,18.00,1
1296,29578,2026-09-24,2026-09-04,India,Android,9,3,0.333,0.333,58,6.44,0
1297,29579,2026-09-24,2026-09-04,India,Android,6,3,0.667,0.000,51,8.50,0
1298,29580,2026-09-24,2026-09-04,US,Android,8,3,0.250,0.625,109,13.63,1
1299,29581,2026-09-24,2026-09-04,EU,Web,7,3,0.429,0.857,136,19.43,0
1300,29582,2026-09-24,2026-09-04,EU,iOS,9,3,0.222,0.444,94,10.44,1
1301,29583,2026-09-24,2026-09-04,US,Android,2,1,0.000,0.500,24,12.00,0
1302,29585,2026-09-24,2026-09-04,EU,Web,42,3,0.333,0.524,433,10.31,1
1303,29586,2026-09-24,2026-09-04,EU,Web,18,3,0.778,0.278,151,8.39,0
1304,29587,2026-09-24,2026-09-04,US,Web,7,2,0.857,0.714,99,14.14,1
1305,29590,2026-09-24,2026-09-04,India,Web,8,3,0.375,0.375,115,14.38,1
1306,29591,2026-09-24,2026-09-04,US,iOS,2,1,1.000,0.000,8,4.00,0
1307,29592,2026-09-24,2026-09-04,Rest,Android,22,3,0.409,0.500,182,8.27,1
1308,29594,2026-09-24,2026-09-04,India,Android,9,3,0.111,0.333,131,14.56,1
1309,29596,2026-09-24,2026-09-04,Rest,iOS,9,2,0.889,0.444,112,12.44,1
1310,29598,2026-09-24,2026-09-04,US,iOS,0,0,0.000,0.000,0,0.00,0
1311,29600,2026-09-24,2026-09-04,Rest,Android,5,2,0.200,0.600,22,4.40,0
1312,29602,2026-09-24,2026-09-04,US,Android,10,3,0.100,0.200,67,6.70,1
1313,29604,2026-09-24,2026-09-04,Rest,iOS,12,3,0.250,0.250,116,9.67,1
1314,29606,2026-09-24,2026-09-04,India,iOS,2,2,0.000,0.500,26,13.00,0
1315,29607,2026-09-24,2026-09-04,US,Web,4,3,0.250,0.250,37,9.25,0
1316,29609,2026-09-24,2026-09-04,EU,Web,5,3,0.200,0.400,81,16.20,1
1317,29613,2026-09-24,2026-09-04,India,iOS,9,2,0.778,0.444,77,8.56,0
1318,29614,2026-09-24,2026-09-04,India,Android,12,3,0.417,0.583,108,9.00,1
1319,29615,2026-09-24,2026-09-04,Rest,iOS,3,2,0.000,0.667,6,2.00,0
1320,29617,2026-09-24,2026-09-04,EU,iOS,9,3,0.444,0.333,133,14.78,1
1321,29621,2026-09-24,2026-09-04,India,iOS,24,3,0.292,0.542,208,8.67,1
1322,29625,2026-09-24,2026-09-04,US,Web,18,3,0.333,0.500,211,11.72,1
1323,29628,2026-09-24,2026-09-04,EU,iOS,12,3,0.500,0.500,143,11.92,1
1324,29630,2026-09-24,2026-09-05,EU,Android,7,3,0.429,0.286,39,5.57,1
1325,29631,2026-09-24,2026-09-05,Rest,Web,24,3,0.542,0.250,277,11.54,1
1326,29634,2026-09-24,2026-09-05,US,Android,5,3,0.600,0.600,22,4.40,1
1327,29635,2026-09-24,2026-09-05,India,Android,15,3,0.267,0.333,251,16.73,1
1328,29637,2026-09-24,2026-09-05,US,Android,13,3,0.385,0.308,95,7.31,0
1329,29638,2026-09-24,2026-09-05,US,Web,5,2,0.400,0.600,48,9.60,0
1330,29639,2026-09-24,2026-09-05,Rest,Web,26,3,0.500,0.192,401,15.42,1
1331,29640,2026-09-24,2026-09-05,Rest,Android,5,3,0.400,0.800,29,5.80,1
1332,29641,2026-09-24,2026-09-05,EU,Android,14,3,0.357,0.429,106,7.57,1
1333,29642,2026-09-24,2026-09-05,US,Android,5,3,0.400,0.400,39,7.80,1
1334,29644,2026-09-24,2026-09-05,Rest,Android,1,1,1.000,0.000,21,21.00,1
1335,29645,2026-09-24,2026-09-05,Rest,iOS,2,1,0.000,0.500,20,10.00,0
1336,29648,2026-09-24,2026-09-05,US,Android,10,2,0.500,0.900,105,10.50,1
1337,29649,2026-09-24,2026-09-05,US,iOS,7,3,0.286,0.571,40,5.71,1
1338,29650,2026-09-24,2026-09-05,EU,Web,0,0,0.000,0.000,0,0.00,0
1339,29652,2026-09-24,2026-09-05,Rest,Web,10,3,0.200,0.600,101,10.10,1
1340,29654,2026-09-24,2026-09-05,India,Web,15,2,0.867,0.067,190,12.67,0
1341,29656,2026-09-24,2026-09-05,EU,iOS,12,3,0.417,0.500,92,7.67,1
1342,29658,2026-09-24,2026-09-05,US,Android,10,2,0.800,0.800,130,13.00,0
1343,29661,2026-09-24,2026-09-05,US,iOS,0,0,0.000,0.000,0,0.00,0
1344,29662,2026-09-24,2026-09-05,Rest,iOS,16,2,0.938,0.313,142,8.88,0
1345,29665,2026-09-24,2026-09-05,EU,iOS,15,3,0.267,0.333,207,13.80,1
1346,29669,2026-09-24,2026-09-05,US,Web,14,3,0.286,0.000,191,13.64,1
1347,29671,2026-09-24,2026-09-05,EU,iOS,11,3,0.091,0.273,107,9.73,1
1348,29676,2026-09-24,2026-09-05,US,Android,17,3,0.529,0.235,146,8.59,1
1349,29682,2026-09-24,2026-09-05,India,iOS,5,3,0.400,0.400,50,10.00,1
1350,29685,2026-09-24,2026-09-05,US,Web,13,3,0.308,0.692,117,9.00,0
1351,29686,2026-09-24,2026-09-05,US,iOS,8,3,0.250,0.000,63,7.88,1
1352,29691,2026-09-24,2026-09-05,Rest,Android,7,3,0.286,0.429,70,10.00,1
1353,29692,2026-09-24,2026-09-05,EU,Web,3,1,1.000,0.000,24,8.00,0
1354,29693,2026-09-24,2026-09-05,EU,Android,2,1,1.000,1.000,7,3.50,0
1355,29694,2026-09-24,2026-09-05,Rest,iOS,3,2,0.667,0.667,52,17.33,1
1356,29698,2026-09-24,2026-09-05,US,Web,3,2,0.333,0.667,6,2.00,0
1357,29701,2026-09-24,2026-09-05,US,Android,9,3,0.556,0.778,143,15.89,1
1358,29704,2026-09-24,2026-09-06,US,iOS,21,3,0.381,0.286,183,8.71,1
1359,29705,2026-09-24,2026-09-06,India,iOS,7,3,0.143,0.429,110,15.71,1
1360,29706,2026-09-24,2026-09-06,Rest,iOS,2,1,1.000,0.000,34,17.00,0
1361,29707,2026-09-24,2026-09-06,US,iOS,7,2,0.000,0.429,50,7.14,1
1362,29709,2026-09-24,2026-09-06,EU,Android,22,3,0.455,0.545,291,13.23,1
1363,29715,2026-09-24,2026-09-06,EU,Web,14,3,0.429,0.429,126,9.00,1
1364,29717,2026-09-24,2026-09-06,US,Web,17,3,0.765,0.588,201,11.82,0
1365,29718,2026-09-24,2026-09-06,US,Web,4,3,0.250,0.250,59,14.75,0
1366,29719,2026-09-24,2026-09-06,US,iOS,4,3,0.500,0.250,52,13.00,0
1367,29720,2026-09-24,2026-09-06,US,Web,4,2,0.250,0.000,41,10.25,1
1368,29722,2026-09-24,2026-09-06,India,Web,8,3,0.500,0.500,94,11.75,1
1369,29723,2026-09-24,2026-09-06,India,Web,18,2,0.778,0.556,170,9.44,0
1370,29724,2026-09-24,2026-09-06,US,Android,4,2,0.500,0.750,37,9.25,0
1371,29726,2026-09-24,2026-09-06,India,Web,10,3,0.300,0.100,91,9.10,1
1372,29727,2026-09-24,2026-09-06,EU,iOS,24,2,0.917,0.583,225,9.38,1
1373,29729,2026-09-24,2026-09-06,US,iOS,4,2,0.250,0.500,24,6.00,0
1374,29732,2026-09-24,2026-09-06,US,iOS,7,3,0.143,0.429,75,10.71,1
1375,29733,2026-09-24,2026-09-06,EU,iOS,13,1,1.000,0.462,90,6.92,0
1376,29736,2026-09-24,2026-09-06,US,Web,5,3,0.200,0.000,43,8.60,1
1377,29739,2026-09-24,2026-09-06,US,Android,20,2,0.850,0.350,155,7.75,0
1378,29742,2026-09-24,2026-09-06,Rest,Web,24,3,0.833,0.292,223,9.29,0
1379,29743,2026-09-24,2026-09-06,Rest,Web,9,3,0.444,0.444,97,10.78,1
1380,29747,2026-09-24,2026-09-06,US,Web,4,2,0.000,0.250,42,10.50,0
1381,29751,2026-09-24,2026-09-06,US,Web,3,2,0.000,0.667,44,14.67,0
1382,29752,2026-09-24,2026-09-06,US,Android,11,2,0.727,0.636,80,7.27,1
1383,29753,2026-09-24,2026-09-06,India,Web,16,3,0.313,0.063,203,12.69,1
1384,29757,2026-09-24,2026-09-06,India,iOS,8,2,0.875,0.250,63,7.88,1
1385,29761,2026-09-24,2026-09-06,Rest,Android,19,3,0.211,0.842,160,8.42,1
1386,29762,2026-09-24,2026-09-06,EU,Web,13,3,0.846,0.154,156,12.00,0
1387,29763,2026-09-24,2026-09-06,India,Android,6,3,0.500,0.667,51,8.50,0
1388,29767,2026-09-24,2026-09-06,US,Android,5,3,0.400,0.000,33,6.60,0
1389,29768,2026-09-24,2026-09-06,India,Android,6,3,0.500,0.500,111,18.50,1
1390,29770,2026-09-24,2026-09-06,EU,Web,3,2,0.667,0.000,17,5.67,0
1391,29773,2026-09-24,2026-09-06,US,iOS,10,3,0.200,0.300,70,7.00,1
1392,29774,2026-09-24,2026-09-06,EU,iOS,1,1,0.000,0.000,4,4.00,0
1393,29777,2026-09-24,2026-09-06,Rest,iOS,8,3,0.375,1.000,80,10.00,1
1394,29780,2026-09-24,2026-09-07,India,iOS,11,3,0.545,0.182,207,18.82,1
1395,29781,2026-09-24,2026-09-07,EU,Android,5,2,0.800,0.200,31,6.20,1
1396,29785,2026-09-24,2026-09-07,Rest,Web,25,3,0.480,0.320,258,10.32,0
1397,29787,2026-09-24,2026-09-07,India,Android,6,2,0.000,0.500,55,9.17,1
1398,29789,2026-09-24,2026-09-07,EU,Web,5,3,0.200,0.600,41,8.20,0
1399,29790,2026-09-24,2026-09-07,US,Android,13,2,0.923,0.538,87,6.69,0
1400,29792,2026-09-24,2026-09-07,US,Web,4,3,0.250,0.000,73,18.25,1
1401,29794,2026-09-24,2026-09-07,India,Android,22,3,0.227,0.364,276,12.55,1
1402,29795,2026-09-24,2026-09-07,EU,Web,15,3,0.267,0.267,133,8.87,1
1403,29796,2026-09-24,2026-09-07,US,iOS,14,3,0.571,0.071,131,9.36,1
1404,29797,2026-09-24,2026-09-07,US,Android,12,1,1.000,0.167,79,6.58,0
1405,29799,2026-09-24,2026-09-07,India,Web,20,3,0.300,0.600,250,12.50,1
1406,29800,2026-09-24,2026-09-07,India,Android,19,3,0.263,0.684,190,10.00,1
1407,29801,2026-09-24,2026-09-07,US,Android,3,1,0.000,0.000,23,7.67,1
1408,29802,2026-09-24,2026-09-07,Rest,iOS,18,3,0.389,0.278,187,10.39,1
1409,29804,2026-09-24,2026-09-07,Rest,Web,6,3,0.500,0.500,56,9.33,0
1410,29805,2026-09-24,2026-09-07,US,Web,17,3,0.353,0.294,199,11.71,0
1411,29806,2026-09-24,2026-09-07,US,iOS,9,3,0.333,0.222,96,10.67,1
1412,29809,2026-09-24,2026-09-07,EU,Web,9,2,0.667,0.667,106,11.78,0
1413,29810,2026-09-24,2026-09-07,India,Android,4,1,1.000,0.500,56,14.00,0
1414,29811,2026-09-24,2026-09-07,EU,Web,15,3,0.467,0.267,154,10.27,1
1415,29814,2026-09-24,2026-09-07,US,Android,3,2,0.000,0.333,28,9.33,0
1416,29815,2026-09-24,2026-09-07,Rest,Android,10,2,0.900,0.500,110,11.00,1
1417,29816,2026-09-24,2026-09-07,US,Web,4,2,0.000,0.000,54,13.50,1
1418,29817,2026-09-24,2026-09-07,US,Android,2,2,0.500,0.000,44,22.00,0
1419,29819,2026-09-24,2026-09-07,Rest,iOS,13,3,0.385,0.769,95,7.31,1
1420,29822,2026-09-24,2026-09-07,India,iOS,5,2,0.600,0.400,62,12.40,0
1421,29823,2026-09-24,2026-09-07,India,Web,2,2,0.500,1.000,27,13.50,0
1422,29828,2026-09-24,2026-09-07,EU,iOS,9,3,0.333,0.667,94,10.44,1
1423,29829,2026-09-24,2026-09-07,India,Web,26,3,0.346,0.192,288,11.08,1
1424,29832,2026-09-24,2026-09-07,India,Android,12,2,0.833,0.500,102,8.50,0
1425,29834,2026-09-24,2026-09-07,EU,Web,6,2,0.833,0.167,66,11.00,0
1426,29835,2026-09-24,2026-09-07,US,iOS,17,3,0.412,0.176,226,13.29,1
1427,29840,2026-09-24,2026-09-07,EU,Android,4,3,0.250,0.500,75,18.75,0
1428,29843,2026-09-24,2026-09-07,US,Android,12,3,0.333,0.250,88,7.33,1
1429,29844,2026-09-24,2026-09-07,EU,Android,11,2,0.909,0.455,114,10.36,0
1430,29845,2026-09-24,2026-09-07,EU,iOS,5,3,0.200,0.400,103,20.60,0
1431,29847,2026-09-24,2026-09-07,India,Android,11,3,0.273,0.364,102,9.27,1
1432,29848,2026-09-24,2026-09-07,US,Web,7,3,0.286,0.000,58,8.29,1
1433,29849,2026-09-24,2026-09-07,EU,iOS,12,3,0.250,0.833,146,12.17,1
1434,29851,2026-09-24,2026-09-07,India,iOS,2,1,0.000,0.000,12,6.00,0
1435,29854,2026-09-24,2026-09-07,Rest,Web,13,3,0.462,0.231,103,7.92,1
1436,29855,2026-09-24,2026-09-07,India,Web,18,3,0.778,0.222,190,10.56,0
1437,29857,2026-09-24,2026-09-07,Rest,Web,8,3,0.250,0.500,82,10.25,1
1438,29858,2026-09-24,2026-09-07,US,iOS,24,3,0.417,0.458,200,8.33,1
1439,29860,2026-09-24,2026-09-07,Rest,Android,12,3,0.833,0.333,145,12.08,0
1440,29863,2026-09-24,2026-09-07,India,Web,14,3,0.357,0.500,94,6.71,0
1441,29864,2026-09-24,2026-09-08,Rest,Android,11,3,0.818,0.273,107,9.73,0
1442,29866,2026-09-24,2026-09-08,Rest,Web,20,2,0.900,0.750,214,10.70,1
1443,29867,2026-09-24,2026-09-08,Rest,iOS,8,2,0.875,0.000,76,9.50,0
1444,29870,2026-09-24,2026-09-08,India,iOS,6,3,0.333,0.833,55,9.17,0
1445,29874,2026-09-24,2026-09-08,US,Android,4,3,0.250,0.500,26,6.50,1
1446,29875,2026-09-24,2026-09-08,US,iOS,1,1,1.000,1.000,4,4.00,0
1447,29876,2026-09-24,2026-09-08,EU,Android,4,1,1.000,0.250,31,7.75,0
1448,29880,2026-09-24,2026-09-08,US,iOS,12,3,0.333,0.250,145,12.08,1
1449,29882,2026-09-24,2026-09-08,EU,iOS,10,3,0.300,0.300,74,7.40,1
1450,29884,2026-09-24,2026-09-08,India,Android,4,2,0.500,0.250,28,7.00,1
1451,29887,2026-09-24,2026-09-08,Rest,Android,7,3,0.286,0.286,75,10.71,1
1452,29888,2026-09-24,2026-09-08,EU,Web,7,3,0.571,0.286,49,7.00,0
1453,29890,2026-09-24,2026-09-08,Rest,iOS,1,1,0.000,1.000,22,22.00,0
1454,29892,2026-09-24,2026-09-08,US,iOS,9,3,0.778,0.444,90,10.00,1
1455,29894,2026-09-24,2026-09-08,US,Web,3,2,0.000,0.333,20,6.67,0
1456,29896,2026-09-24,2026-09-08,US,Android,12,3,0.250,0.167,188,15.67,1
1457,29898,2026-09-24,2026-09-08,US,Android,11,2,0.818,0.455,109,9.91,1
1458,29899,2026-09-24,2026-09-08,EU,Web,4,3,0.250,0.250,29,7.25,0
1459,29902,2026-09-24,2026-09-08,EU,Android,10,3,0.400,0.300,141,14.10,1
1460,29905,2026-09-24,2026-09-08,US,iOS,2,1,1.000,0.000,17,8.50,0
1461,29911,2026-09-24,2026-09-08,India,Android,17,3,0.353,0.647,206,12.12,1
1462,29914,2026-09-24,2026-09-08,US,Android,5,3,0.200,0.400,111,22.20,0
1463,29916,2026-09-24,2026-09-08,EU,Web,11,3,0.364,0.182,74,6.73,1
1464,29917,2026-09-24,2026-09-08,US,Web,5,3,0.600,0.400,34,6.80,0
1465,29921,2026-09-24,2026-09-08,US,iOS,15,3,0.200,0.200,122,8.13,1
1466,29923,2026-09-24,2026-09-08,US,Android,1,1,1.000,1.000,5,5.00,0
1467,29926,2026-09-24,2026-09-08,Rest,iOS,3,2,0.667,0.000,68,22.67,0
1468,29927,2026-09-24,2026-09-08,EU,Web,10,3,0.300,0.100,144,14.40,0
1469,29928,2026-09-24,2026-09-08,India,iOS,2,1,0.000,0.500,8,4.00,0
1470,29930,2026-09-24,2026-09-08,Rest,iOS,29,3,0.414,0.241,363,12.52,1
1471,29932,2026-09-24,2026-09-08,India,Android,17,3,0.471,0.176,215,12.65,0
1472,29933,2026-09-24,2026-09-08,India,Web,1,1,0.000,0.000,7,7.00,0
1473,29934,2026-09-24,2026-09-08,Rest,Web,1,1,1.000,0.000,16,16.00,0
1474,29937,2026-09-24,2026-09-08,US,iOS,20,3,0.700,0.250,256,12.80,0
1475,29938,2026-09-24,2026-09-08,US,Web,10,3,0.200,0.100,125,12.50,1
1476,29939,2026-09-24,2026-09-08,US,Android,16,3,0.438,0.438,135,8.44,1
1477,29942,2026-09-24,2026-09-08,US,Android,6,2,0.833,0.167,75,12.50,0
1478,29944,2026-09-24,2026-09-08,India,Android,11,3,0.182,0.818,156,14.18,1
1479,29945,2026-09-24,2026-09-08,US,Android,4,3,0.500,0.250,78,19.50,0
1480,29949,2026-09-24,2026-09-08,US,iOS,6,3,0.333,0.667,82,13.67,0
1481,29958,2026-09-24,2026-09-09,US,Android,14,3,0.500,0.286,183,13.07,1
1482,29962,2026-09-24,2026-09-09,Rest,iOS,13,3,0.538,0.615,100,7.69,0
1483,29964,2026-09-24,2026-09-09,US,Web,1,1,1.000,0.000,3,3.00,0
1484,29966,2026-09-24,2026-09-09,US,Android,17,3,0.176,0.294,296,17.41,1
1485,29969,2026-09-24,2026-09-09,India,Web,5,3,0.400,0.800,37,7.40,1
1486,29971,2026-09-24,2026-09-09,India,Android,17,3,0.294,0.412,171,10.06,1
1487,29972,2026-09-24,2026-09-09,US,Android,5,3,0.200,0.600,24,4.80,1
1488,29974,2026-09-24,2026-09-09,US,Android,7,3,0.286,0.429,89,12.71,1
1489,29975,2026-09-24,2026-09-09,EU,Web,6,3,0.167,0.500,41,6.83,0
1490,29979,2026-09-24,2026-09-09,US,Web,5,3,0.200,0.000,43,8.60,0
1491,29982,2026-09-24,2026-09-09,US,Android,2,1,1.000,0.500,13,6.50,0
1492,29986,2026-09-24,2026-09-09,US,Web,25,3,0.240,0.080,303,12.12,1
1493,29987,2026-09-24,2026-09-09,Rest,Android,7,3,0.143,0.286,90,12.86,1
1494,29988,2026-09-24,2026-09-09,Rest,Web,6,2,0.333,0.333,48,8.00,0
1495,29989,2026-09-24,2026-09-09,Rest,Android,13,3,0.462,0.231,127,9.77,1
1496,29991,2026-09-24,2026-09-09,Rest,Android,6,1,1.000,0.500,36,6.00,0
1497,29992,2026-09-24,2026-09-09,Rest,iOS,3,2,0.000,0.667,50,16.67,0
1498,29993,2026-09-24,2026-09-09,US,Android,13,2,0.000,0.538,93,7.15,1
1499,29994,2026-09-24,2026-09-09,US,Web,7,2,0.429,0.143,58,8.29,0
1500,29996,2026-09-24,2026-09-09,India,Web,16,3,0.188,0.063,235,14.69,1
1501,29997,2026-09-24,2026-09-09,India,iOS,4,3,0.250,0.750,87,21.75,0
1502,29998,2026-09-24,2026-09-09,EU,Android,9,3,0.222,0.222,90,10.00,1
1503,30001,2026-09-24,2026-09-09,US,iOS,10,3,0.500,0.800,80,8.00,1
1504,30002,2026-09-24,2026-09-09,EU,Android,10,3,0.700,0.300,213,21.30,0
1505,30003,2026-09-24,2026-09-09,Rest,iOS,3,1,1.000,0.000,62,20.67,0
1506,30004,2026-09-24,2026-09-09,Rest,Android,11,3,0.455,0.727,122,11.09,1
1507,30005,2026-09-24,2026-09-09,Rest,iOS,13,3,0.385,0.462,130,10.00,0
1508,30006,2026-09-24,2026-09-09,Rest,Android,16,3,0.500,0.500,165,10.31,1
1509,30007,2026-09-24,2026-09-09,EU,Web,8,2,0.875,0.625,114,14.25,0
1510,30008,2026-09-24,2026-09-09,US,iOS,4,1,1.000,0.250,50,12.50,0
1511,30010,2026-09-24,2026-09-09,Rest,Android,17,3,0.706,0.765,259,15.24,0
1512,30012,2026-09-24,2026-09-09,EU,iOS,8,3,0.500,0.875,104,13.00,1
1513,30013,2026-09-24,2026-09-09,US,Android,4,1,0.000,1.000,26,6.50,1
1514,30016,2026-09-24,2026-09-09,Rest,iOS,11,3,0.182,0.545,78,7.09,1
1515,30021,2026-09-24,2026-09-09,India,Android,5,3,0.400,0.800,82,16.40,1
1516,30022,2026-09-24,2026-09-09,US,iOS,6,3,0.667,0.167,57,9.50,0
